createDatetime,ipAddress,geoLat,geoLong,firstName,lastName,emailAddress
2015-01-01 09:44:58,162.142.45.140,8.13333,5.1,Ashley,Hudson,ahudson0@furl.net
2015-01-29 00:47:00,86.182.207.92,24.15751,115.13738,Bobby,Johnson,bjohnson1@bizjournals.com
2015-01-23 02:32:12,50.89.137.7,-10.1399,123.8458,Todd,Elliott,telliott2@economist.com
2015-01-09 03:46:37,170.91.178.103,35.10922,69.43341,Jeremy,Anderson,janderson3@goo.ne.jp
2015-01-16 03:08:42,1.84.237.20,50.23154,24.377,Debra,Stewart,dstewart4@oracle.com
2015-01-10 08:28:16,166.218.35.120,29.86203,106.20288,Michelle,Gomez,mgomez5@msu.edu
2015-01-28 03:52:58,124.29.20.244,-8.1284,112.0853,Amanda,Sullivan,asullivan6@java.com
2015-01-17 19:45:15,67.119.192.119,49.93631,20.82304,Debra,Lewis,dlewis7@time.com
2015-01-02 01:13:24,82.68.90.8,56.6616,16.3616,David,Ellis,dellis8@hao123.com
2015-01-22 23:22:24,168.171.238.167,12.22306,-15.4475,Susan,Graham,sgraham9@nps.gov
2015-01-15 00:41:32,116.205.240.181,16.0385,103.74647,Kathy,Taylor,ktaylora@slashdot.org
2015-01-04 07:39:03,81.186.67.220,-7.0034,112.5812,Peter,Henderson,phendersonb@wp.com
2015-01-15 06:29:32,243.172.69.151,-1.8198,116.0797,Brandon,Dean,bdeanc@t-online.de
2015-01-05 17:38:46,90.178.125.89,-33.17538,-64.99331,Stephen,Ford,sfordd@usgs.gov
2015-01-03 20:36:11,169.193.219.232,31.95639,112.65472,Joan,Austin,jaustine@ox.ac.uk
2015-01-19 21:12:40,132.166.157.62,32.96309,119.73715,George,Meyer,gmeyerf@skype.com
2015-01-28 20:11:03,96.23.117.139,46.83333,40.75,Joan,Gomez,jgomezg@uol.com.br
2015-01-28 21:55:27,28.128.233.66,40.81902,22.41902,Christina,Gibson,cgibsonh@mozilla.org
2015-01-24 13:47:18,15.120.96.149,30.76096,30.69733,Ryan,Sims,rsimsi@usatoday.com
2015-01-18 12:11:59,186.29.190.159,-21.71028,-47.47806,Patricia,Bennett,pbennettj@reuters.com
2015-01-22 06:06:09,240.209.85.111,50.6672,21.84013,Ashley,Graham,agrahamk@livejournal.com
2015-01-06 18:50:13,220.110.30.159,34.05361,119.52222,Mark,Cruz,mcruzl@usnews.com
2015-01-12 11:43:50,87.48.122.226,23.1863,116.47278,Anthony,Elliott,aelliottm@gizmodo.com
2015-01-28 13:26:39,34.228.69.2,26.72464,117.7954,Albert,Cook,acookn@vinaora.com
2015-01-01 17:05:12,38.1.197.214,-7.3421,108.2365,Barbara,Phillips,bphillipso@walmart.com
2015-01-02 02:49:49,170.34.216.136,8.66667,3.38333,Peter,Daniels,pdanielsp@shop-pro.jp
2015-01-19 09:25:11,130.177.72.58,51.63347,17.972,Eric,Edwards,eedwardsq@mayoclinic.com
2015-01-05 15:47:19,9.22.73.47,9.85065,-83.6169,Patrick,Ramos,pramosr@un.org
2015-01-24 07:17:36,61.108.196.162,47.913,1.977,Jeffrey,Harris,jharriss@desdev.cn
2015-01-29 03:29:37,188.127.122.226,40.47657,96.72098,Louis,Morris,lmorrist@parallels.com
2015-01-06 16:26:02,240.81.252.3,-7.2825,107.9216,Jacqueline,Hall,jhallu@woothemes.com
2015-01-29 23:50:43,138.20.228.67,52.085,4.8833,Roy,James,rjamesv@dropbox.com
2015-01-24 02:30:02,231.113.235.30,19.3861,-96.9467,Brandon,Torres,btorresw@hhs.gov
2015-01-19 18:31:27,66.95.35.199,22.0655,105.0345,Roger,Franklin,rfranklinx@jugem.jp
2015-01-08 12:58:37,81.90.8.229,14.96667,-88.86667,Cynthia,Wallace,cwallacey@eepurl.com
2015-01-20 07:52:22,106.47.88.142,-41.4,173.05,Sharon,Meyer,smeyerz@rambler.ru
2015-01-08 09:03:29,245.184.159.184,48.92373,14.45383,Larry,Cook,lcook10@fotki.com
2015-01-15 18:46:09,155.80.202.28,-7.6445,108.6451,Diane,Elliott,delliott11@usgs.gov
2015-01-19 20:25:58,60.65.84.158,-25.16667,45.05,Helen,Hernandez,hhernandez12@omniture.com
2015-01-14 09:40:59,167.169.201.53,-8.3376,113.5503,Jack,Scott,jscott13@bravesites.com
2015-01-21 18:48:45,100.66.45.235,-2.15,33.45,William,Barnes,wbarnes14@mail.ru
2015-01-12 08:05:41,228.137.158.133,52.4264,17.48925,Jeffrey,White,jwhite15@bbc.co.uk
2015-01-29 18:30:19,124.185.232.32,36.85,138.36667,Alice,Coleman,acoleman16@godaddy.com
2015-01-09 10:18:58,80.154.73.41,10.53283,6.44222,Patricia,James,pjames17@nih.gov
2015-01-14 23:31:34,125.147.60.180,31.88542,35.8543,Willie,Reed,wreed18@scribd.com
2015-01-25 06:33:57,94.2.214.189,10.13312,106.33519,Roger,Payne,rpayne19@bloglovin.com
2015-01-01 19:18:33,48.30.117.172,48.892,2.2067,Diana,Gardner,dgardner1a@vkontakte.ru
2015-01-23 00:49:56,41.120.189.177,59.9572,10.673,James,Howell,jhowell1b@tamu.edu
2015-01-16 23:10:44,51.93.95.78,10.1776,123.6013,Susan,Perkins,sperkins1c@webmd.com
2015-01-28 00:14:00,234.53.125.144,-6.7289,105.9065,Johnny,Richards,jrichards1d@youtube.com
2015-01-15 14:07:20,246.102.201.15,-27.79511,-64.26149,Thomas,Mccoy,tmccoy1e@yandex.ru
2015-01-24 06:15:17,65.111.101.142,-9.6136,124.6658,Judy,Phillips,jphillips1f@marketwatch.com
2015-01-04 21:16:55,177.228.6.29,-9.66078,20.39155,Amy,Sanders,asanders1g@yandex.ru
2015-01-24 16:17:22,12.210.220.147,30.84283,120.15288,Donald,Long,dlong1h@blog.com
2015-01-21 15:14:43,92.219.74.93,40.82572,43.95071,Teresa,Kelley,tkelley1i@so-net.ne.jp
2015-01-14 22:55:40,206.164.40.17,25.85587,88.35943,Jane,Ellis,jellis1j@newyorker.com
2015-01-20 02:07:33,70.5.100.167,46.64417,29.41389,Alice,Mason,amason1k@privacy.gov.au
2015-01-14 20:44:14,139.2.123.68,35.29607,25.01587,Cynthia,Burton,cburton1l@google.cn
2015-01-16 10:40:10,206.106.25.126,50.1,1.8333,Willie,Mason,wmason1m@multiply.com
2015-01-20 13:17:51,104.229.184.184,27.2083,53.0361,Cynthia,Lawrence,clawrence1n@intel.com
2015-01-23 04:09:56,188.32.142.144,-6.9145,112.4206,Amanda,Richards,arichards1o@senate.gov
2015-01-18 16:49:39,138.78.21.68,-5.01622,32.82663,Rose,Burke,rburke1p@gov.uk
2015-01-08 18:01:31,36.163.51.32,41.5875,-7.7208,Denise,Robertson,drobertson1q@jiathis.com
2015-01-21 10:21:37,42.81.168.90,17.7104,121.7437,Benjamin,Perez,bperez1r@diigo.com
2015-01-07 20:12:52,108.229.254.87,-8.0497,112.6824,Bruce,Stone,bstone1s@symantec.com
2015-01-07 15:01:34,41.92.52.128,10.70111,122.6275,Amanda,Richardson,arichardson1t@sitemeter.com
2015-01-04 03:29:50,38.54.217.180,52.3808,4.6368,Joan,Mills,jmills1u@ycombinator.com
2015-01-30 03:03:15,98.21.109.173,54.9229,43.22977,Wanda,Chavez,wchavez1v@hao123.com
2015-01-22 21:40:53,24.7.205.114,49.9521,22.43563,Debra,Fields,dfields1w@ox.ac.uk
2015-01-20 02:05:21,67.207.70.78,52.30447,85.0785,Edward,Peterson,epeterson1x@uol.com.br
2015-01-11 04:08:46,184.161.155.55,32.71206,119.88177,Jason,Stone,jstone1y@accuweather.com
2015-01-05 14:34:01,233.22.49.137,31.87207,36.00501,Ashley,Bradley,abradley1z@google.ca
2015-01-12 20:58:25,106.50.77.117,57.46947,31.11561,Catherine,Edwards,cedwards20@miibeian.gov.cn
2015-01-03 19:47:00,36.120.135.161,15.93218,120.43073,Lillian,White,lwhite21@fc2.com
2015-01-10 03:49:27,175.123.153.29,59.6954,10.2993,Christopher,Stone,cstone22@slashdot.org
2015-01-19 00:31:05,138.240.216.165,35.20944,127.46444,Kelly,Scott,kscott23@yolasite.com
2015-01-13 16:10:43,246.134.220.198,31.35273,114.98007,Martin,Burton,mburton24@icq.com
2015-01-08 20:54:09,226.25.204.150,1.33488,-74.84289,Roger,Cunningham,rcunningham25@example.com
2015-01-03 19:05:35,29.75.33.247,43.52639,68.5775,Phyllis,Myers,pmyers26@xing.com
2015-01-06 23:32:58,175.206.232.76,-7.0148,113.5819,Craig,Spencer,cspencer27@marketwatch.com
2015-01-10 10:04:27,108.254.75.45,39.3213,-9.3143,Kathy,Holmes,kholmes28@shutterfly.com
2015-01-23 20:18:26,253.170.89.44,38.2486,-7.5493,Henry,Arnold,harnold29@ameblo.jp
2015-01-30 09:38:52,35.219.132.96,-3.94667,-80.94167,Jason,Romero,jromero2a@tamu.edu
2015-01-17 00:38:42,82.250.141.62,38.3774,-121.4444,Clarence,Dean,cdean2b@patch.com
2015-01-20 09:30:58,233.127.116.228,-7.3148,107.1089,Jesse,Shaw,jshaw2c@va.gov
2015-01-08 00:52:36,25.103.182.35,-0.84582,-80.16389,Paul,Berry,pberry2d@people.com.cn
2015-01-29 08:46:41,146.228.71.230,26.02167,51.36694,Willie,Sullivan,wsullivan2e@usa.gov
2015-01-20 02:37:26,57.228.9.59,32.53116,118.80793,Margaret,Larson,mlarson2f@yale.edu
2015-01-14 21:44:04,87.29.114.22,-8.1377,112.0026,Judy,Henderson,jhenderson2g@slate.com
2015-01-28 00:29:04,120.140.150.238,58.1521,8.0726,Cynthia,Sullivan,csullivan2h@tinypic.com
2015-01-07 13:34:25,19.158.124.68,29.87848,107.0784,Alice,Holmes,aholmes2i@cpanel.net
2015-01-08 23:32:54,204.218.0.163,16.71861,121.55528,Anne,Flores,aflores2j@ehow.com
2015-01-24 07:23:59,111.166.165.59,40.80257,21.46085,Donna,Parker,dparker2k@elpais.com
2015-01-18 03:41:11,102.156.117.53,-12.18333,-75.21667,Nicholas,Lawrence,nlawrence2l@seesaa.net
2015-01-13 17:38:02,201.47.32.220,53.17554,21.29803,Gregory,Lawrence,glawrence2m@jiathis.com
2015-01-27 00:03:35,208.250.153.26,38.9497,-104.767,Debra,Jacobs,djacobs2n@youtu.be
2015-01-10 22:13:46,59.201.92.184,33.7866,-118.2987,Eric,Bowman,ebowman2o@mozilla.com
2015-01-20 11:50:47,193.153.253.235,51.52709,53.38306,Stephen,White,swhite2p@vistaprint.com
2015-01-19 01:35:10,183.225.57.32,,,Barbara,Mills,bmills2q@unc.edu
2015-01-22 06:41:19,65.222.14.6,36.40263,136.45088,Lori,Matthews,lmatthews2r@ibm.com
2015-01-10 21:57:24,77.8.132.230,8.34111,124.25917,Martin,Rodriguez,mrodriguez2s@rediff.com
2015-01-16 21:51:58,79.157.14.175,15.01667,-87.93333,Daniel,Stone,dstone2t@gmpg.org
2015-01-19 07:26:20,68.248.188.253,48.6833,2.6167,Amy,Hansen,ahansen2u@yahoo.co.jp
2015-01-10 21:18:06,9.43.179.181,56.36386,41.08655,Amy,Stevens,astevens2v@buzzfeed.com
2015-01-10 15:12:06,104.197.78.119,-6.26583,106.55639,Sara,Rivera,srivera2w@alibaba.com
2015-01-02 20:09:03,85.246.131.63,20.5592,-103.4308,Irene,Stevens,istevens2x@dagondesign.com
2015-01-25 23:13:02,75.22.32.194,33.3213,130.94098,Jane,Little,jlittle2y@state.tx.us
2015-01-30 19:27:02,125.185.161.21,17.06606,-89.15229,Cynthia,Fisher,cfisher2z@wsj.com
2015-01-01 13:17:32,156.135.69.172,38.2968,-81.5547,Larry,Hudson,lhudson30@tumblr.com
2015-01-26 21:19:01,16.88.49.110,30.4455,-97.6595,Melissa,Carter,mcarter31@slashdot.org
2015-01-25 16:51:05,147.71.38.195,4.77742,7.0134,Todd,Walker,twalker32@blog.com
2015-01-03 11:17:58,141.116.62.157,56.8793,16.6563,Ryan,Meyer,rmeyer33@google.ru
2015-01-10 12:07:19,146.205.46.231,50.58333,137.03333,Jonathan,Perkins,jperkins34@nytimes.com
2015-01-09 10:50:55,143.108.172.214,16.8764,120.3966,Helen,Medina,hmedina35@nps.gov
2015-01-05 11:00:14,135.182.82.145,46.55361,15.58361,Kathryn,Butler,kbutler36@webmd.com
2015-01-01 06:45:58,17.139.143.92,-8.2897,113.9859,Adam,Dunn,adunn37@blinklist.com
2015-01-07 19:51:03,50.66.32.246,23.21722,113.65489,Rose,Rogers,rrogers38@theguardian.com
2015-01-25 20:17:14,243.137.214.0,50.91671,-102.80099,Brian,Wheeler,bwheeler39@51.la
2015-01-01 15:46:47,87.189.232.138,13.9,99.76667,Matthew,Richardson,mrichardson3a@yellowpages.com
2015-01-09 14:30:52,118.9.122.100,48.79978,16.10061,Frank,Chavez,fchavez3b@addthis.com
2015-01-28 21:28:09,102.236.217.49,31.26392,110.82559,David,Carter,dcarter3c@tmall.com
2015-01-21 22:15:27,59.216.44.243,-6.907,114.0174,Kimberly,Fields,kfields3d@youtu.be
2015-01-12 02:08:29,154.194.12.254,31.50843,119.28599,Mary,Garrett,mgarrett3e@twitpic.com
2015-01-22 20:38:25,248.17.175.30,40.98444,110.72111,Mary,Bradley,mbradley3f@about.com
2015-01-26 05:01:51,207.180.236.12,-6.7334,111.6089,Cheryl,Payne,cpayne3g@si.edu
2015-01-14 17:56:01,195.169.34.64,43.36667,27.11667,Jack,Gomez,jgomez3h@1und1.de
2015-01-07 11:37:56,244.141.244.58,-45.40303,-72.69184,Cynthia,Olson,colson3i@who.int
2015-01-19 05:53:05,112.216.20.15,-7.3042,108.3456,Gerald,Gray,ggray3j@oakley.com
2015-01-17 22:37:49,213.85.126.48,14.13056,120.83472,Barbara,Wright,bwright3k@etsy.com
2015-01-23 09:41:02,28.91.40.172,22.58667,-80.24361,Samuel,Reed,sreed3l@weebly.com
2015-01-13 13:52:40,100.33.56.151,25.46972,51.3975,Bobby,Bishop,bbishop3m@myspace.com
2015-01-10 19:50:52,30.36.235.227,29.58153,-9.02664,Timothy,Burton,tburton3n@live.com
2015-01-17 01:26:22,69.209.221.26,44.41222,40.79361,Terry,Armstrong,tarmstrong3o@baidu.com
2015-01-21 12:40:11,4.36.200.224,50.22235,30.89967,Jose,Wallace,jwallace3p@wikia.com
2015-01-20 12:39:04,1.84.5.21,8.64028,124.87306,Shirley,Wells,swells3q@360.cn
2015-01-07 19:12:29,62.253.220.81,57.48135,33.70211,Steven,Scott,sscott3r@nsw.gov.au
2015-01-30 00:03:29,52.200.134.40,28.81842,115.43272,Donald,Baker,dbaker3s@theatlantic.com
2015-01-16 01:06:43,162.56.46.240,47.65639,28.04722,Betty,Lawson,blawson3t@topsy.com
2015-01-09 10:40:12,22.15.122.98,50.11578,14.69923,Jennifer,Mitchell,jmitchell3u@imgur.com
2015-01-17 17:31:48,81.66.124.234,28.10304,111.95409,John,Thompson,jthompson3v@cam.ac.uk
2015-01-02 08:10:25,49.48.220.43,39.75,-8.75,Martha,Nichols,mnichols3w@etsy.com
2015-01-13 06:49:27,180.222.233.21,29.24338,111.07605,Jacqueline,Rose,jrose3x@kickstarter.com
2015-01-25 01:07:24,192.255.191.95,12.28554,123.72281,Frances,Thompson,fthompson3y@wp.com
2015-01-10 22:01:14,250.213.32.78,39.15667,26.52167,Johnny,Cook,jcook3z@mapquest.com
2015-01-21 23:01:54,117.75.171.68,-8.2358,112.0273,Katherine,Martinez,kmartinez40@vkontakte.ru
2015-01-25 17:51:50,49.249.23.154,45.53946,20.22902,Phyllis,Burns,pburns41@tumblr.com
2015-01-01 01:29:04,125.182.102.231,18.01248,-76.79928,Mary,Nguyen,mnguyen42@geocities.com
2015-01-21 16:11:17,118.29.171.235,20.782,-101.4347,Jeffrey,Jordan,jjordan43@cisco.com
2015-01-30 19:47:54,48.190.152.8,22.8081,114.09638,Janice,Chapman,jchapman44@live.com
2015-01-12 16:05:59,205.33.197.187,30.09415,115.83174,Eric,James,ejames45@stumbleupon.com
2015-01-22 00:17:53,3.48.179.137,-9.8323,120.1821,Ashley,Gibson,agibson46@cornell.edu
2015-01-28 06:51:50,7.36.69.5,47.9615,15.2069,Roger,Owens,rowens47@dailymail.co.uk
2015-01-27 11:13:15,31.70.6.89,41.42917,127.77861,Janice,Crawford,jcrawford48@woothemes.com
2015-01-03 05:46:51,36.79.64.232,40.24254,122.4328,Chris,Sims,csims49@bloglovin.com
2015-01-22 04:03:28,200.127.90.161,42.94196,72.76098,Jeremy,Wilson,jwilson4a@accuweather.com
2015-01-05 21:40:40,242.131.130.107,7.11278,125.42917,Bruce,Stevens,bstevens4b@tmall.com
2015-01-06 19:39:34,237.95.97.20,28.34862,120.51738,Marilyn,Burns,mburns4c@ycombinator.com
2015-01-26 21:30:43,162.247.211.167,47.72559,126.96875,Julia,Robinson,jrobinson4d@psu.edu
2015-01-14 20:10:01,58.173.134.139,-5.15,38.98333,Todd,Hughes,thughes4e@fotki.com
2015-01-26 23:48:11,98.172.90.16,49.02266,17.77922,Sharon,Stewart,sstewart4f@google.nl
2015-01-17 19:25:54,195.219.26.105,47.79309,101.97235,Doris,Gomez,dgomez4g@harvard.edu
2015-01-18 06:31:53,141.241.124.239,34.84696,33.57344,Jason,Elliott,jelliott4h@gravatar.com
2015-01-08 13:17:29,134.125.188.187,51.88836,15.39013,Sandra,Nichols,snichols4i@accuweather.com
2015-01-28 23:06:50,30.190.180.49,5.453,153.4575,Kevin,Davis,kdavis4j@shareasale.com
2015-01-26 08:12:57,86.79.171.76,-8.35778,-36.69639,Carl,Payne,cpayne4k@github.io
2015-01-28 05:09:14,4.64.130.89,-8.7872,121.3923,Timothy,Barnes,tbarnes4l@blogs.com
2015-01-04 10:40:20,200.133.120.99,-13.63333,32.65,Stephanie,Hart,shart4m@purevolume.com
2015-01-03 15:41:26,131.181.7.123,26.35555,115.23522,Victor,Castillo,vcastillo4n@altervista.org
2015-01-05 21:52:42,128.86.85.161,9.9736,122.6544,Ronald,Simmons,rsimmons4o@oakley.com
2015-01-28 07:42:06,87.84.13.177,29.67543,120.81321,Jack,Gardner,jgardner4p@harvard.edu
2015-01-04 22:20:53,117.165.101.30,33.07227,36.18382,Earl,Williams,ewilliams4q@dailymail.co.uk
2015-01-01 20:11:37,51.250.238.70,53.56667,-7.76667,Katherine,Bishop,kbishop4r@upenn.edu
2015-01-21 08:30:00,141.55.213.31,-42.62003,-73.77674,Johnny,Turner,jturner4s@springer.com
2015-01-24 15:11:40,154.182.34.146,36.46667,140.56667,Jack,Jenkins,jjenkins4t@godaddy.com
2015-01-01 15:06:57,143.6.80.11,38.4,-8.7667,Amanda,Bradley,abradley4u@springer.com
2015-01-12 19:14:38,89.30.213.61,28.11644,114.21568,Douglas,Murray,dmurray4v@ebay.com
2015-01-28 07:08:34,56.51.239.29,14.88993,120.94095,Ronald,Campbell,rcampbell4w@trellian.com
2015-01-09 14:40:58,8.73.253.105,45.3554,20.82987,Carlos,Hamilton,chamilton4x@merriam-webster.com
2015-01-12 00:24:47,70.39.148.242,41.85,-7.05,Jennifer,Stanley,jstanley4y@nsw.gov.au
2015-01-11 19:25:21,237.170.130.31,-9.9469,120.0776,Norma,Morrison,nmorrison4z@usatoday.com
2015-01-16 18:30:22,164.250.204.57,59.16806,24.7575,Edward,Medina,emedina50@livejournal.com
2015-01-30 11:02:21,192.186.208.39,38.9972,-9.1528,Nicole,Collins,ncollins51@plala.or.jp
2015-01-24 01:42:06,33.2.239.114,44.11873,88.86423,Frank,Daniels,fdaniels52@time.com
2015-01-10 04:38:54,184.76.49.152,48.1508,-1.6871,Kenneth,Perez,kperez53@prnewswire.com
2015-01-14 00:53:39,205.58.119.143,50.03035,20.66279,Gloria,Edwards,gedwards54@umn.edu
2015-01-30 13:07:22,254.68.231.223,10.71565,122.2657,Scott,Gray,sgray55@free.fr
2015-01-11 08:53:40,231.114.128.222,44.9333,4.9,Evelyn,Ferguson,eferguson56@squidoo.com
2015-01-30 11:22:42,62.128.222.153,38.9333,-9.4,Judith,Pierce,jpierce57@usda.gov
2015-01-29 05:36:12,251.215.47.205,32.36874,109.92435,Harold,Cooper,hcooper58@mapy.cz
2015-01-18 08:47:28,113.215.148.214,55.81667,37.35,Clarence,Jenkins,cjenkins59@tumblr.com
2015-01-11 04:23:02,191.215.77.208,48.0889,-1.6152,Gregory,Shaw,gshaw5a@cyberchimps.com
2015-01-02 11:02:41,240.195.235.176,57.9745,-3.9778,Jennifer,Wilson,jwilson5b@tiny.cc
2015-01-02 23:01:47,172.217.156.217,30.72298,120.26259,Ernest,Thomas,ethomas5c@hatena.ne.jp
2015-01-05 19:39:17,165.100.45.184,59.43028,24.53306,Carolyn,Wheeler,cwheeler5d@columbia.edu
2015-01-18 20:48:30,37.249.242.101,59.5344,18.0776,Joyce,Brooks,jbrooks5e@wordpress.org
2015-01-05 16:57:12,91.106.69.183,47.08139,28.17833,Kimberly,Young,kyoung5f@quantcast.com
2015-01-08 20:24:08,163.81.57.250,16.04179,103.11506,Joseph,Schmidt,jschmidt5g@edublogs.org
2015-01-11 20:04:18,61.71.167.147,29.29583,48.07861,Gary,Reed,greed5h@google.com.br
2015-01-10 12:31:25,110.253.17.145,36.6009,126.665,Patrick,Edwards,pedwards5i@harvard.edu
2015-01-29 08:11:18,26.161.13.215,41.11819,111.4343,Antonio,Foster,afoster5j@oaic.gov.au
2015-01-21 04:17:33,21.129.218.252,22.69396,114.33463,Harry,Bradley,hbradley5k@issuu.com
2015-01-09 10:29:57,70.122.223.240,51.9485,15.09058,Irene,Holmes,iholmes5l@studiopress.com
2015-01-05 06:58:19,247.218.177.228,-7.3589,106.5726,Janet,Ramos,jramos5m@ftc.gov
2015-01-08 16:32:44,102.100.38.90,27.51229,115.4188,Jean,Reyes,jreyes5n@tamu.edu
2015-01-23 06:20:27,148.219.91.2,0.57364,-79.64418,Victor,Henderson,vhenderson5o@vistaprint.com
2015-01-20 19:21:51,156.30.64.215,14.13056,120.83472,Cynthia,Cole,ccole5p@fastcompany.com
2015-01-01 03:53:06,254.210.210.229,63.21667,24.41667,Anne,Chapman,achapman5q@reddit.com
2015-01-19 06:56:59,146.152.42.226,30.72333,121.315,Jeffrey,Gibson,jgibson5r@printfriendly.com
2015-01-18 20:55:24,147.173.45.235,35.02306,110.99278,Susan,Morales,smorales5s@walmart.com
2015-01-22 03:58:38,60.97.37.92,-5.1241,120.253,Betty,Burns,bburns5t@dropbox.com
2015-01-17 08:35:08,224.192.242.54,-8.8087,121.6685,Catherine,Pierce,cpierce5u@hubpages.com
2015-01-06 11:38:56,247.8.61.143,36.85197,107.39554,Brian,Perry,bperry5v@themeforest.net
2015-01-07 09:19:16,201.32.9.41,16.14653,-13.50474,Linda,Gordon,lgordon5w@tinypic.com
2015-01-27 02:19:11,67.39.157.171,-6.8396,111.5043,Kenneth,Mills,kmills5x@cnbc.com
2015-01-04 23:01:20,232.88.1.16,45.41369,19.7,Raymond,Hamilton,rhamilton5y@goodreads.com
2015-01-18 10:08:41,203.124.155.22,54.6963,45.2424,Brian,Willis,bwillis5z@people.com.cn
2015-01-05 08:57:34,187.130.103.153,25.22861,112.08972,John,Butler,jbutler60@istockphoto.com
2015-01-19 06:12:02,190.90.83.77,37.61667,138.95,Gregory,Hansen,ghansen61@digg.com
2015-01-02 05:57:07,48.220.96.243,-6.8581,106.1751,Steven,Rogers,srogers62@huffingtonpost.com
2015-01-30 10:11:53,72.106.108.6,55.6759,12.5655,Charles,Jordan,cjordan63@1und1.de
2015-01-16 07:18:13,137.58.95.5,49.41668,-112.86856,Wayne,Kelley,wkelley64@e-recht24.de
2015-01-17 06:42:35,202.210.186.138,1.14933,-76.64661,Tammy,Thompson,tthompson65@seattletimes.com
2015-01-24 05:36:45,154.102.116.168,-7.3952,112.7675,Charles,Dunn,cdunn66@spiegel.de
2015-01-18 00:34:19,136.168.174.49,-20.21167,57.40083,Sarah,Cooper,scooper67@gizmodo.com
2015-01-10 07:27:19,253.235.91.10,19.57723,110.01138,Gerald,Mccoy,gmccoy68@independent.co.uk
2015-01-26 12:45:35,240.1.209.150,23.21738,113.95554,Jason,Snyder,jsnyder69@wunderground.com
2015-01-28 04:18:25,188.27.0.64,31.89722,54.3675,Eric,Thompson,ethompson6a@soundcloud.com
2015-01-28 17:41:32,220.51.133.150,62.68333,21.98333,Laura,Moore,lmoore6b@virginia.edu
2015-01-05 08:19:07,93.60.2.7,20.0239,-96.9692,Barbara,Marshall,bmarshall6c@msu.edu
2015-01-19 18:35:11,222.58.96.93,9.24391,-75.14675,Ernest,Hicks,ehicks6d@cdc.gov
2015-01-22 06:31:11,59.233.59.122,48.95006,16.25931,Donna,Duncan,dduncan6e@arstechnica.com
2015-01-24 23:49:55,247.107.83.59,-31.4135,-64.18105,Angela,Gordon,agordon6f@technorati.com
2015-01-30 08:52:32,147.234.100.8,-3.98417,-38.62028,Denise,Moreno,dmoreno6g@washingtonpost.com
2015-01-21 02:15:34,2.224.37.151,40.84744,122.72544,Lillian,Carr,lcarr6h@smugmug.com
2015-01-26 12:27:59,206.21.3.128,10.3773,123.6386,Ashley,Stephens,astephens6i@google.com.au
2015-01-07 06:16:26,124.197.249.180,50.67944,18.2137,Diana,Gardner,dgardner6j@merriam-webster.com
2015-01-29 10:03:49,121.45.127.210,-10.45778,-77.32728,Jimmy,Lopez,jlopez6k@japanpost.jp
2015-01-13 06:46:54,195.228.29.67,39.4698,-0.3774,Raymond,Stewart,rstewart6l@examiner.com
2015-01-22 05:17:20,140.207.118.222,17.35189,121.74074,Kelly,Evans,kevans6m@narod.ru
2015-01-05 00:27:35,163.175.197.209,48,-4.1,Benjamin,Hayes,bhayes6n@mit.edu
2015-01-11 19:56:45,207.174.14.25,25.37574,119.71788,Judith,Palmer,jpalmer6o@pen.io
2015-01-11 02:23:43,66.136.67.197,-8.66667,-35.71667,Amanda,Willis,awillis6p@sphinn.com
2015-01-24 04:26:03,223.25.6.154,45.86678,-74.08251,Benjamin,Hamilton,bhamilton6q@mlb.com
2015-01-20 14:03:37,186.181.63.222,-7.2,-75.3,Robert,Bennett,rbennett6r@printfriendly.com
2015-01-20 19:30:50,151.133.217.93,41.98333,24.08333,Paula,Clark,pclark6s@booking.com
2015-01-22 05:57:44,238.0.151.128,-21.66917,-42.07611,Emily,Bradley,ebradley6t@dailymotion.com
2015-01-08 16:17:55,217.88.67.169,24.33333,112.66667,Peter,Austin,paustin6u@myspace.com
2015-01-04 15:31:33,240.30.131.102,32.93444,35.31679,Larry,Howard,lhoward6v@tinypic.com
2015-01-23 03:01:04,99.141.52.84,12.93646,101.52303,Philip,Henry,phenry6w@tinypic.com
2015-01-23 06:12:33,146.158.74.192,-8.5112,116.9775,Carl,Cooper,ccooper6x@vkontakte.ru
2015-01-15 03:03:59,211.7.25.153,53.05581,18.92635,Tammy,Henry,thenry6y@nature.com
2015-01-21 12:26:16,168.190.25.142,-8.2233,113.2211,John,Hanson,jhanson6z@jalbum.net
2015-01-12 18:26:43,16.60.160.246,19.88659,105.67879,Kevin,Mccoy,kmccoy70@ask.com
2015-01-07 14:32:27,127.252.208.109,-7.4374,107.8354,Richard,Olson,rolson71@godaddy.com
2015-01-21 06:18:02,153.154.211.144,33.60496,59.9934,Linda,Hansen,lhansen72@sohu.com
2015-01-03 21:40:46,89.106.58.109,-35.4264,-71.65542,Betty,Frazier,bfrazier73@yelp.com
2015-01-05 19:19:11,244.254.226.87,59.34639,26.35583,Jimmy,Spencer,jspencer74@digg.com
2015-01-18 17:31:25,111.51.209.34,-9.777,124.5057,Elizabeth,Russell,erussell75@oaic.gov.au
2015-01-09 17:29:00,74.93.113.39,10.7273,123.8257,Donna,Kelly,dkelly76@free.fr
2015-01-29 15:14:03,71.171.145.139,38.068,-122.741,Kathryn,Johnson,kjohnson77@vistaprint.com
2015-01-13 12:52:38,116.151.194.112,19.3625,-102.0894,Adam,Garcia,agarcia78@mail.ru
2015-01-10 16:23:31,186.98.224.146,41.2333,-8.0167,Martin,Hill,mhill79@psu.edu
2015-01-28 00:38:38,252.98.162.103,45.47833,18.15556,Harry,Evans,hevans7a@de.vu
2015-01-16 17:02:01,159.19.132.54,41.63833,22.46472,Gloria,Lewis,glewis7b@va.gov
2015-01-03 18:04:05,141.123.178.233,-26.53333,29.98333,Kelly,Howell,khowell7c@hubpages.com
2015-01-29 11:30:19,210.37.222.251,13.33333,-13.86667,Amanda,Cooper,acooper7d@va.gov
2015-01-24 15:36:05,122.60.141.208,29.39605,118.4589,Kathryn,Mccoy,kmccoy7e@t.co
2015-01-24 20:49:54,228.217.85.140,34.82156,67.82734,Maria,Reyes,mreyes7f@angelfire.com
2015-01-08 11:43:02,252.159.13.138,41.58806,21.03111,Tammy,Harper,tharper7g@360.cn
2015-01-07 06:12:57,179.11.254.245,41.8119,-87.6873,Eugene,Howell,ehowell7h@earthlink.net
2015-01-15 16:57:40,132.107.79.54,18.46699,109.66436,Samuel,Davis,sdavis7i@ftc.gov
2015-01-07 16:55:19,185.219.200.26,55.86959,38.20065,Johnny,Kelly,jkelly7j@umich.edu
2015-01-28 12:27:53,232.52.94.221,-6.5495,106.3985,Brian,Ray,bray7k@va.gov
2015-01-27 10:46:37,160.35.27.110,44.20306,43.42972,Anna,Reid,areid7l@hexun.com
2015-01-23 01:30:56,11.21.208.61,27.7694,115.37857,Jack,Chapman,jchapman7m@tuttocitta.it
2015-01-03 08:20:45,117.80.42.199,-12.4,-74.7,Martha,Burke,mburke7n@theguardian.com
2015-01-19 20:35:58,142.245.128.12,-6.9458,112.9113,Patrick,Gonzalez,pgonzalez7o@npr.org
2015-01-22 15:23:12,1.1.201.53,-18.19821,-69.56071,Robert,Kelley,rkelley7p@cnbc.com
2015-01-18 08:35:22,81.245.241.198,4.06004,-74.69212,Victor,Palmer,vpalmer7q@cdc.gov
2015-01-10 00:55:20,96.151.79.229,48.97076,28.83779,Roger,Jenkins,rjenkins7r@state.tx.us
2015-01-09 18:28:20,110.84.34.212,14.61667,-89.61667,Ronald,Kim,rkim7s@disqus.com
2015-01-16 18:27:26,75.6.110.213,30.64748,118.61724,Jane,Fernandez,jfernandez7t@webs.com
2015-01-30 23:55:06,130.181.212.185,45.00722,43.34944,Janice,Alexander,jalexander7u@bing.com
2015-01-14 15:14:20,236.151.244.35,39.20889,45.41222,Charles,Allen,callen7v@patch.com
2015-01-26 19:29:52,139.23.77.26,6.05772,124.46661,Harry,Sanchez,hsanchez7w@wordpress.com
2015-01-28 15:01:57,172.255.225.167,7.2083,79.8358,Amy,Dixon,adixon7x@reddit.com
2015-01-29 15:54:09,113.171.45.230,-23.30528,-45.96583,Raymond,Little,rlittle7y@unblog.fr
2015-01-20 20:45:31,239.8.205.52,24.67652,102.91129,Martin,Warren,mwarren7z@about.com
2015-01-27 14:47:42,151.50.169.126,43.67898,45.12867,Jean,Myers,jmyers80@goodreads.com
2015-01-08 14:44:00,225.121.214.94,41.73397,45.33148,Heather,Burke,hburke81@e-recht24.de
2015-01-17 12:21:43,141.29.62.147,-8.0958,111.6914,Jason,Jones,jjones82@state.tx.us
2015-01-24 17:43:40,54.137.28.7,9.45082,-75.43864,Sarah,Morris,smorris83@newyorker.com
2015-01-05 20:13:42,250.255.86.253,49.68841,15.85207,Eric,Smith,esmith84@cnbc.com
2015-01-23 07:09:56,136.125.57.150,33.8444,-84.474,Helen,Gibson,hgibson85@shutterfly.com
2015-01-03 10:06:14,45.168.228.10,50.2696,85.6108,Joyce,Moreno,jmoreno86@google.pl
2015-01-10 22:33:35,186.5.243.105,-13.92778,-72.48389,Paul,Fuller,pfuller87@i2i.jp
2015-01-19 12:32:42,99.133.159.187,-9.5128,120.1979,Dorothy,King,dking88@com.com
2015-01-08 01:28:51,106.68.178.38,15.68333,-86,Christine,Weaver,cweaver89@about.me
2015-01-01 04:47:45,116.134.44.46,14.9,-91.48333,Justin,Barnes,jbarnes8a@soundcloud.com
2015-01-04 00:03:31,203.207.236.162,41.8333,-8.5833,Amanda,Kennedy,akennedy8b@taobao.com
2015-01-25 05:31:18,165.28.150.56,41.48278,19.69972,Sarah,Lawrence,slawrence8c@ucsd.edu
2015-01-09 13:53:30,161.81.10.206,28.16657,121.05216,Helen,Ruiz,hruiz8d@yellowpages.com
2015-01-20 07:55:18,202.20.44.238,19.16518,110.3029,Catherine,Hawkins,chawkins8e@comcast.net
2015-01-30 05:58:11,156.183.26.56,-27.31667,-56.35,Ruth,Robertson,rrobertson8f@nydailynews.com
2015-01-05 00:48:59,163.90.121.249,-25.44472,-49.1925,Donna,Banks,dbanks8g@elegantthemes.com
2015-01-12 15:37:54,240.133.49.221,-1.02863,-79.46352,Marie,Rivera,mrivera8h@pen.io
2015-01-20 13:24:51,254.125.69.49,30.14285,114.86445,Jeffrey,Coleman,jcoleman8i@salon.com
2015-01-11 15:27:03,161.185.29.51,57.7072,11.9668,Amanda,Myers,amyers8j@zimbio.com
2015-01-12 11:41:05,35.181.50.94,65.836,13.1908,Antonio,Powell,apowell8k@yellowpages.com
2015-01-15 22:29:46,187.11.230.23,50.2207,12.34669,Judith,Elliott,jelliott8l@seesaa.net
2015-01-14 17:50:12,182.99.209.16,-26.85,-55.53333,Gloria,Diaz,gdiaz8m@mediafire.com
2015-01-28 03:12:39,14.151.208.40,4.2825,117.9148,Sarah,Simpson,ssimpson8n@cdbaby.com
2015-01-14 16:20:25,7.42.37.2,-13.80044,-171.8469,Gloria,Boyd,gboyd8o@nytimes.com
2015-01-25 05:25:36,6.65.62.168,-6.75917,-38.22806,Judith,Mendoza,jmendoza8p@tripod.com
2015-01-05 15:45:32,232.75.186.81,61.1535,-149.8289,Edward,Nelson,enelson8q@netlog.com
2015-01-21 02:19:00,27.203.139.33,35.67056,139.88861,Shirley,Brooks,sbrooks8r@bigcartel.com
2015-01-07 05:05:29,215.155.209.196,45.60667,15.46194,Patrick,Stevens,pstevens8s@ihg.com
2015-01-04 23:26:10,252.33.243.207,61.58333,26.01667,Adam,Knight,aknight8t@yandex.ru
2015-01-14 14:04:16,6.126.254.92,6.47862,101.42414,Phillip,Lewis,plewis8u@discuz.net
2015-01-21 20:34:57,133.238.110.236,41.2667,-8.4694,Marilyn,Adams,madams8v@hexun.com
2015-01-28 23:54:18,223.178.203.53,49.00434,17.43632,Matthew,Hughes,mhughes8w@ebay.com
2015-01-04 10:52:46,228.169.96.149,39.6922,-8.4593,Terry,Rodriguez,trodriguez8x@clickbank.net
2015-01-29 00:28:20,195.254.21.55,-2.52565,40.5262,Diane,Murphy,dmurphy8y@surveymonkey.com
2015-01-02 03:22:26,24.109.83.7,22.82257,90.52859,Jason,Boyd,jboyd8z@businessinsider.com
2015-01-11 12:11:49,98.158.82.23,4.69244,-73.52042,Janet,Gordon,jgordon90@posterous.com
2015-01-22 21:46:06,124.89.39.49,15.8466,120.3269,Frank,Richardson,frichardson91@smugmug.com
2015-01-07 02:29:58,106.172.230.194,45.43139,13.52389,Kevin,Alvarez,kalvarez92@google.ca
2015-01-11 08:01:42,89.173.203.101,38.41667,77.24056,Mildred,Ellis,mellis93@geocities.com
2015-01-23 04:48:53,174.137.80.75,38.8518,-94.3944,Eugene,Bell,ebell94@ted.com
2015-01-10 06:39:07,99.68.69.226,35,136.25,Nancy,Cooper,ncooper95@csmonitor.com
2015-01-11 06:19:12,112.225.114.147,52.19517,20.88419,Alice,Carr,acarr96@apple.com
2015-01-21 12:47:38,79.127.15.117,30.64958,120.18451,Judy,Perkins,jperkins97@csmonitor.com
2015-01-30 13:49:44,222.178.5.92,61.8,30.95,Russell,Williamson,rwilliamson98@goo.gl
2015-01-04 20:46:05,52.251.167.118,49.89806,22.95602,Thomas,Riley,triley99@google.ru
2015-01-30 04:03:01,174.215.39.14,-30.71084,27.21613,Nancy,Murray,nmurray9a@newyorker.com
2015-01-03 03:52:57,34.214.77.132,-3.7627,138.8085,Bonnie,Baker,bbaker9b@epa.gov
2015-01-11 15:43:50,196.209.3.17,57.4955,13.1108,Jason,Woods,jwoods9c@phoca.cz
2015-01-03 02:38:02,207.105.200.79,44.8456,33.67161,Benjamin,Reed,breed9d@psu.edu
2015-01-15 02:59:12,99.188.217.212,44.55015,-64.24874,Michelle,King,mking9e@furl.net
2015-01-27 09:53:19,86.105.165.222,-8.0233,113.7779,Andrea,Stevens,astevens9f@alibaba.com
2015-01-12 14:12:09,204.219.76.187,17.01717,99.73283,Marilyn,Stone,mstone9g@example.com
2015-01-22 15:44:37,41.254.187.151,36.48333,117.83333,Anna,Woods,awoods9h@dailymotion.com
2015-01-27 15:33:40,227.222.24.61,29.49019,108.5824,Juan,Clark,jclark9i@123-reg.co.uk
2015-01-06 17:50:25,212.149.59.112,37.15222,127.07056,Michelle,Baker,mbaker9j@microsoft.com
2015-01-11 01:41:32,192.227.30.18,30.1219,120.9011,Lori,Gilbert,lgilbert9k@example.com
2015-01-06 13:59:44,72.10.236.229,10.22609,-67.877,Julie,Gutierrez,jgutierrez9l@qq.com
2015-01-27 02:26:18,130.200.131.191,-6.9769,114.0854,Scott,Powell,spowell9m@weebly.com
2015-01-30 23:06:04,237.60.123.193,14.10722,120.82917,Nicholas,Thompson,nthompson9n@godaddy.com
2015-01-09 04:20:29,131.61.41.115,25.55478,119.41991,Steve,Sims,ssims9o@typepad.com
2015-01-21 07:02:02,7.9.6.232,41.6167,0.6222,Victor,Hamilton,vhamilton9p@clickbank.net
2015-01-21 09:02:14,112.163.133.56,-8.2725,123.3991,Norma,Price,nprice9q@creativecommons.org
2015-01-10 11:13:13,181.72.237.90,45.15806,14.53861,Ruby,Smith,rsmith9r@ifeng.com
2015-01-12 07:55:40,211.25.58.240,-7.0041,108.7106,Keith,Stanley,kstanley9s@harvard.edu
2015-01-25 10:35:14,233.173.177.133,30.87222,119.51966,William,Morales,wmorales9t@geocities.jp
2015-01-12 13:49:26,232.50.251.53,15.16667,121.01667,Louise,Fuller,lfuller9u@baidu.com
2015-01-14 00:27:00,187.135.36.235,2.06823,100.59082,Margaret,Howell,mhowell9v@nhs.uk
2015-01-24 06:20:05,172.176.228.150,30.45046,119.80652,Joshua,Hughes,jhughes9w@howstuffworks.com
2015-01-07 11:26:53,52.225.15.58,-8.75106,117.12705,Carl,Schmidt,cschmidt9x@meetup.com
2015-01-26 10:39:20,197.196.80.223,-5.35833,-42.67639,Michelle,Hill,mhill9y@free.fr
2015-01-01 00:16:14,206.240.229.230,44.124,127.53072,Larry,Lee,llee9z@nasa.gov
2015-01-22 04:50:46,38.143.43.221,32.19164,35.15836,Paula,Montgomery,pmontgomerya0@bbb.org
2015-01-22 01:15:41,243.225.54.137,-19.18929,-65.12329,Rose,Dunn,rdunna1@google.fr
2015-01-16 19:37:29,52.223.99.136,41.4,-8.6333,Elizabeth,Wagner,ewagnera2@macromedia.com
2015-01-19 05:34:31,148.244.51.251,32.78333,130.36667,Judith,Simmons,jsimmonsa3@ucla.edu
2015-01-27 17:40:55,85.221.7.243,43.2969,5.3811,Howard,Williamson,hwilliamsona4@hao123.com
2015-01-19 00:35:54,206.154.188.252,25.37786,119.07242,Shawn,Parker,sparkera5@netlog.com
2015-01-26 20:32:09,49.110.237.30,-9.01222,-35.2225,Betty,Hernandez,bhernandeza6@slashdot.org
2015-01-22 09:17:23,210.227.243.113,23.02432,112.44555,Louise,Thomas,lthomasa7@live.com
2015-01-05 07:05:06,238.90.83.239,60.6036,15.626,Joyce,Hall,jhalla8@bizjournals.com
2015-01-13 06:06:15,206.38.158.130,37.43333,140.48333,Peter,Bishop,pbishopa9@yale.edu
2015-01-26 03:54:32,21.60.115.97,30.83373,113.83586,Tammy,Wilson,twilsonaa@acquirethisname.com
2015-01-20 18:47:15,129.150.224.191,12.28345,-85.51081,Sharon,Gonzales,sgonzalesab@webs.com
2015-01-05 04:36:57,235.22.109.142,49.52295,16.26147,Clarence,Welch,cwelchac@nba.com
2015-01-22 04:43:26,127.186.53.17,28.51746,81.7787,Phillip,Moore,pmooread@w3.org
2015-01-13 06:40:49,251.251.24.136,24.00174,102.40046,Juan,Murphy,jmurphyae@privacy.gov.au
2015-01-18 14:40:00,226.219.87.103,43.86681,77.06304,Gary,Hanson,ghansonaf@upenn.edu
2015-01-05 09:02:34,157.60.241.53,6.66547,2.15138,Willie,Lawrence,wlawrenceag@canalblog.com
2015-01-07 11:20:05,186.103.130.173,27.3223,103.06844,Brenda,Simmons,bsimmonsah@instagram.com
2015-01-04 08:24:46,155.76.221.207,53.88335,-119.13585,Virginia,Cunningham,vcunninghamai@blogspot.com
2015-01-15 04:28:29,14.52.80.90,7.45,2.85,Kathryn,Wheeler,kwheeleraj@tiny.cc
2015-01-17 11:00:29,218.205.182.130,51.5716,31.78456,Jeremy,Hicks,jhicksak@surveymonkey.com
2015-01-30 22:41:42,147.215.165.102,28.51341,109.6409,Debra,Diaz,ddiazal@addthis.com
2015-01-14 10:10:46,166.0.18.79,49.0389,2.077,Evelyn,Rose,eroseam@thetimes.co.uk
2015-01-21 02:46:01,230.75.187.92,18.1574,120.647,Christina,Carpenter,ccarpenteran@mlb.com
2015-01-27 20:42:18,89.220.215.90,44.54611,15.37472,Catherine,Anderson,candersonao@spiegel.de
2015-01-04 10:20:58,249.172.84.76,52.8565,18.81334,Joan,Bishop,jbishopap@stumbleupon.com
2015-01-22 09:13:04,175.27.253.154,49.9,2.3,Douglas,Carpenter,dcarpenteraq@uol.com.br
2015-01-09 03:44:51,98.146.144.184,32.74518,111.25927,Sandra,Harris,sharrisar@nhs.uk
2015-01-14 06:36:00,192.177.170.124,14.41667,-16.7,Johnny,Howard,jhowardas@simplemachines.org
2015-01-25 08:11:22,254.36.233.117,4.94273,15.87735,Kathy,Berry,kberryat@omniture.com
2015-01-03 13:39:31,156.39.233.81,29.13633,121.02958,Adam,Rice,ariceau@tumblr.com
2015-01-16 00:38:44,36.253.22.67,12.98943,7.60063,Victor,Fernandez,vfernandezav@1688.com
2015-01-16 06:28:05,151.166.220.92,23.65075,112.73136,Eugene,Diaz,ediazaw@time.com
2015-01-04 16:05:09,108.106.223.2,34.20014,109.81728,Julie,White,jwhiteax@weebly.com
2015-01-14 16:36:57,40.133.1.34,40.23476,120.26621,Ronald,Coleman,rcolemanay@dropbox.com
2015-01-30 09:21:51,3.141.28.92,48.22564,46.7217,Roger,Garrett,rgarrettaz@statcounter.com
2015-01-19 09:31:52,59.22.109.121,25.69893,32.6421,Gloria,Lewis,glewisb0@homestead.com
2015-01-19 05:06:45,105.134.51.98,16.1227,120.52,Lisa,Bailey,lbaileyb1@wikimedia.org
2015-01-28 20:14:06,127.83.250.89,59.3326,18.0649,Joseph,Mccoy,jmccoyb2@tinyurl.com
2015-01-19 08:45:29,114.41.12.211,34.21422,69.10026,Lori,Little,llittleb3@cocolog-nifty.com
2015-01-02 00:09:02,109.218.101.43,23.88207,111.89368,Ryan,Green,rgreenb4@flavors.me
2015-01-22 03:13:39,99.206.216.75,52.5167,13.4,Carl,Lawrence,clawrenceb5@mashable.com
2015-01-26 01:06:06,125.149.225.58,42.95,129.86667,Donald,Watson,dwatsonb6@php.net
2015-01-02 09:47:09,143.225.67.122,-6.4951,105.7936,Ernest,Hart,ehartb7@cnn.com
2015-01-01 10:44:38,148.224.241.170,13.1335,123.8915,Nicole,Edwards,nedwardsb8@time.com
2015-01-13 09:15:46,245.128.57.104,40.50821,46.8203,Daniel,Harper,dharperb9@ameblo.jp
2015-01-09 00:17:53,166.177.64.224,57.6659,15.8551,Martin,Perez,mperezba@washington.edu
2015-01-09 07:07:45,236.217.89.225,17.41567,102.78589,Jacqueline,Fowler,jfowlerbb@go.com
2015-01-12 15:10:58,166.27.46.6,10.0852,122.9579,Heather,James,hjamesbc@w3.org
2015-01-11 10:09:12,222.231.212.75,20.24673,-74.15181,Rachel,Reynolds,rreynoldsbd@amazon.co.jp
2015-01-13 18:24:20,108.61.250.20,25.59503,119.01012,Amanda,Davis,adavisbe@hao123.com
2015-01-08 13:24:18,241.19.177.237,13.5941,122.878,Evelyn,Oliver,eoliverbf@wunderground.com
2015-01-11 17:50:28,187.88.38.247,-12.19556,44.27667,Andrea,Cooper,acooperbg@twitpic.com
2015-01-06 13:26:25,252.66.89.133,51.93333,-8.56667,Lori,Crawford,lcrawfordbh@go.com
2015-01-27 12:44:17,180.229.172.113,27.5526,115.15164,Douglas,Diaz,ddiazbi@multiply.com
2015-01-04 18:05:38,244.39.237.202,54.56604,18.10907,Jeremy,Murphy,jmurphybj@freewebs.com
2015-01-09 09:26:57,1.53.145.147,-0.8917,119.8707,Alan,Knight,aknightbk@tuttocitta.it
2015-01-17 07:06:47,241.141.137.81,53.77944,73.88056,Justin,Perkins,jperkinsbl@answers.com
2015-01-07 00:36:35,255.233.41.12,48.73963,39.2323,Diane,Jordan,djordanbm@disqus.com
2015-01-20 11:33:16,114.228.195.29,59.3267,14.5239,Katherine,Black,kblackbn@ihg.com
2015-01-12 07:11:43,52.217.185.105,33.6062,-117.8931,Edward,Bowman,ebowmanbo@yale.edu
2015-01-22 12:10:33,187.249.3.220,34.6,133.46667,Harry,Chavez,hchavezbp@clickbank.net
2015-01-16 18:15:32,229.55.155.4,59.362,143.21468,Marilyn,Gutierrez,mgutierrezbq@newyorker.com
2015-01-07 00:08:20,38.104.195.154,30.74911,110.75912,Debra,Jones,djonesbr@goo.gl
2015-01-18 23:45:11,12.132.3.102,43.2333,0.0833,Carl,James,cjamesbs@goodreads.com
2015-01-08 06:33:58,56.121.194.184,49.31637,-122.85263,Eric,King,ekingbt@scribd.com
2015-01-02 12:07:56,13.89.155.189,37.43333,140.48333,Sara,Murray,smurraybu@i2i.jp
2015-01-06 18:46:52,158.244.203.195,28.38333,109.25972,Rose,Perez,rperezbv@t-online.de
2015-01-08 09:31:23,114.55.227.19,-7.3531,108.1217,Ruby,Griffin,rgriffinbw@freewebs.com
2015-01-21 13:09:55,161.1.144.228,41.65532,125.74225,Clarence,White,cwhitebx@google.ca
2015-01-15 04:38:07,238.114.240.28,41.5556,-8.3222,Kenneth,Alvarez,kalvarezby@imdb.com
2015-01-20 05:09:07,104.241.28.208,-20.42278,-49.97278,Michael,Johnston,mjohnstonbz@mapy.cz
2015-01-25 09:19:53,163.177.33.206,-54.28111,-36.5092,Charles,Boyd,cboydc0@behance.net
2015-01-16 09:28:31,87.190.111.2,63.74147,34.32218,Larry,Ross,lrossc1@lulu.com
2015-01-21 08:54:53,173.199.40.60,28.11139,108.41139,Larry,Greene,lgreenec2@g.co
2015-01-17 06:32:57,163.8.194.134,31.18195,119.5832,Cynthia,Burke,cburkec3@behance.net
2015-01-10 03:18:29,211.182.130.83,31.49573,119.51742,Margaret,Armstrong,marmstrongc4@dagondesign.com
2015-01-15 22:00:36,103.177.223.90,49.88987,17.07262,Kenneth,Howell,khowellc5@walmart.com
2015-01-27 16:05:12,147.228.54.45,29.7877,105.85195,Steven,Day,sdayc6@apache.org
2015-01-09 10:27:29,38.208.35.99,52.17072,20.81214,Jack,Greene,jgreenec7@ftc.gov
2015-01-12 10:31:41,92.149.12.32,49.57672,18.76458,Sandra,Edwards,sedwardsc8@yahoo.co.jp
2015-01-15 20:10:52,233.108.8.98,3.23333,10.73333,Eric,Wells,ewellsc9@geocities.jp
2015-01-19 09:51:18,173.243.71.10,53.7667,-2.7167,Stephen,Grant,sgrantca@youku.com
2015-01-23 22:42:13,229.183.191.154,13.12133,5.50741,Evelyn,Howard,ehowardcb@wufoo.com
2015-01-12 03:11:36,228.254.62.130,39.1333,-7.5833,Brenda,Fisher,bfishercc@yahoo.com
2015-01-28 17:32:18,245.26.130.153,40.8,-8.5667,Jesse,Hayes,jhayescd@google.de
2015-01-09 22:35:13,111.229.9.34,47.2173,-1.5534,Howard,Daniels,hdanielsce@mapquest.com
2015-01-08 07:50:18,94.90.253.205,38.8933,-77.0146,Shawn,Ferguson,sfergusoncf@reference.com
2015-01-09 08:12:47,50.108.239.12,24.8683,-105.1356,Rebecca,Medina,rmedinacg@free.fr
2015-01-07 03:54:34,133.74.36.231,32.38291,35.17912,Mary,Ford,mfordch@last.fm
2015-01-02 03:38:20,38.255.210.250,30.72298,120.26259,Betty,Perez,bperezci@nba.com
2015-01-11 13:24:14,194.47.228.2,-7.50389,109.24833,Matthew,West,mwestcj@constantcontact.com
2015-01-08 17:12:33,46.237.167.242,37.1101,-8.4337,Christopher,Alexander,calexanderck@naver.com
2015-01-13 14:02:59,63.59.55.102,26.73841,-11.67194,Ronald,Olson,rolsoncl@elegantthemes.com
2015-01-02 19:34:00,101.31.66.21,-22.62917,-43.89806,Matthew,Bennett,mbennettcm@infoseek.co.jp
2015-01-05 01:22:38,0.230.76.177,47.2488,6.0182,Joan,Gutierrez,jgutierrezcn@dagondesign.com
2015-01-19 14:34:18,180.141.147.45,17.9292,-95.6933,Stephen,Carter,scarterco@hugedomains.com
2015-01-29 08:16:58,12.40.221.34,49.20875,37.24848,Ronald,Hansen,rhansencp@tripadvisor.com
2015-01-17 23:28:07,47.37.64.31,42.96131,46.97866,James,Fowler,jfowlercq@blogger.com
2015-01-12 16:31:11,3.108.91.172,29.706,107.39575,Walter,Flores,wflorescr@networkadvertising.org
2015-01-21 05:09:43,2.171.129.162,33.33982,102.15803,Christine,Ruiz,cruizcs@pinterest.com
2015-01-13 14:45:16,58.90.176.83,45.45078,41.03866,Cynthia,Little,clittlect@google.pl
2015-01-01 19:45:52,65.18.48.177,25.82074,118.9313,Sharon,Wells,swellscu@un.org
2015-01-20 19:39:55,50.46.201.138,-6.715,111.1514,Diana,Bailey,dbaileycv@topsy.com
2015-01-01 13:28:48,8.27.234.2,52.5643,31.1364,Gerald,Arnold,garnoldcw@ycombinator.com
2015-01-14 02:41:51,164.252.194.103,50.35699,13.79667,Carl,Lopez,clopezcx@google.co.uk
2015-01-18 15:53:22,19.33.101.180,7.932,123.659,Kimberly,Webb,kwebbcy@fda.gov
2015-01-18 00:21:30,88.220.204.98,45.89083,28.84833,Steve,Stone,sstonecz@freewebs.com
2015-01-21 18:43:03,117.9.217.45,39.1071,-108.5968,Norma,Perez,nperezd0@blogspot.com
2015-01-15 09:50:09,49.7.178.119,32.20907,106.21494,Kelly,Bradley,kbradleyd1@wordpress.com
2015-01-13 02:36:34,5.96.116.212,35.31292,69.51519,Johnny,Garza,jgarzad2@blogs.com
2015-01-24 09:11:25,124.252.221.254,-31.39676,26.36246,Patricia,Hunter,phunterd3@vkontakte.ru
2015-01-07 11:16:34,222.153.108.113,14.995,-90.80611,James,Perkins,jperkinsd4@hhs.gov
2015-01-17 22:37:37,40.165.63.102,27.89256,116.30715,Raymond,Ross,rrossd5@time.com
2015-01-30 10:58:03,189.7.80.125,50.5082,3.5937,Michael,Baker,mbakerd6@dedecms.com
2015-01-27 13:25:39,111.121.73.223,38.2833,-7.9333,Teresa,Kennedy,tkennedyd7@reverbnation.com
2015-01-08 00:49:29,26.200.87.235,32.92967,10.45177,Kathleen,Hamilton,khamiltond8@bizjournals.com
2015-01-05 07:54:55,98.161.119.133,10.26306,123.96139,Sean,Morrison,smorrisond9@bing.com
2015-01-02 23:12:06,155.239.236.23,37.85,27.5,Jerry,Walker,jwalkerda@123-reg.co.uk
2015-01-30 21:49:36,248.11.66.59,19.36333,110.09778,Sean,Williamson,swilliamsondb@dailymotion.com
2015-01-24 12:48:42,171.138.52.129,37.7636,126.46577,Heather,Ferguson,hfergusondc@slashdot.org
2015-01-29 19:34:53,188.185.55.73,45.7489,28.61466,Andrew,George,ageorgedd@wordpress.com
2015-01-01 13:09:51,250.103.222.108,47.9029,1.9039,Billy,Wright,bwrightde@51.la
2015-01-05 19:40:36,67.16.112.24,36.22304,107.7772,Joshua,Bishop,jbishopdf@kickstarter.com
2015-01-28 14:59:38,24.152.129.246,7.10667,124.82917,Randy,Phillips,rphillipsdg@networksolutions.com
2015-01-06 22:57:24,238.77.243.186,41.63,42.19083,Philip,Collins,pcollinsdh@opensource.org
2015-01-23 17:06:44,227.188.133.164,35.74521,111.69872,Lori,Roberts,lrobertsdi@noaa.gov
2015-01-07 23:31:17,220.124.192.188,16.45,120.51667,Sara,Romero,sromerodj@desdev.cn
2015-01-29 08:57:19,227.187.44.75,49.1162,-1.0903,James,Ramirez,jramirezdk@issuu.com
2015-01-05 18:26:58,17.158.91.254,11.31823,-12.28332,Keith,Warren,kwarrendl@ebay.com
2015-01-17 03:30:38,160.162.212.218,-0.96212,-80.71271,Anna,Harvey,aharveydm@salon.com
2015-01-16 17:10:39,237.184.158.45,50.02288,29.02023,Jerry,Powell,jpowelldn@theatlantic.com
2015-01-14 09:25:55,242.27.166.196,59.3326,18.0649,Debra,Nelson,dnelsondo@altervista.org
2015-01-02 20:54:11,207.241.147.186,40.18347,44.25862,Phyllis,Pierce,ppiercedp@diigo.com
2015-01-14 20:17:28,34.139.152.50,43.18333,128.78333,Johnny,Alvarez,jalvarezdq@timesonline.co.uk
2015-01-03 10:57:21,28.21.253.215,20.14444,-75.20917,Joshua,Nelson,jnelsondr@toplist.cz
2015-01-27 14:04:09,241.111.91.120,-19.00917,-57.65333,Stephanie,Walker,swalkerds@cmu.edu
2015-01-23 14:07:23,162.83.239.243,42.0333,-8.5333,Anne,Larson,alarsondt@prnewswire.com
2015-01-13 13:13:38,111.45.203.116,9.8922,123.8748,Marie,Perkins,mperkinsdu@toplist.cz
2015-01-27 17:14:47,216.226.229.160,-5.98322,106.30561,Amy,Johnston,ajohnstondv@umich.edu
2015-01-17 14:11:36,220.57.201.103,-30.78913,-60.59189,Ronald,Carpenter,rcarpenterdw@vistaprint.com
2015-01-17 22:00:58,36.176.159.74,28.94389,112.37917,Joe,Mcdonald,jmcdonalddx@sitemeter.com
2015-01-27 09:31:15,246.96.81.85,17.716,121.89775,Walter,Lawrence,wlawrencedy@nydailynews.com
2015-01-01 15:59:46,117.124.14.178,50.6803,47.4454,Christine,Powell,cpowelldz@epa.gov
2015-01-23 11:48:23,121.177.59.177,15.01667,-87.45,Julie,Gonzalez,jgonzaleze0@1688.com
2015-01-12 22:27:43,200.66.175.20,61.3482,16.3946,Deborah,Cruz,dcruze1@berkeley.edu
2015-01-23 07:33:22,142.217.178.170,10.61177,119.3268,Jimmy,Butler,jbutlere2@behance.net
2015-01-04 19:48:11,120.9.106.165,25.22861,112.08972,Sean,Watkins,swatkinse3@msu.edu
2015-01-09 05:24:37,192.224.243.36,34.19316,108.98825,Jessica,Elliott,jelliotte4@networksolutions.com
2015-01-11 08:21:25,178.216.33.200,-35.38633,-64.28092,Timothy,Cox,tcoxe5@furl.net
2015-01-05 04:46:23,6.86.57.70,59.2,17.7333,Billy,Bailey,bbaileye6@usatoday.com
2015-01-01 03:45:21,217.76.139.52,-2.5691,140.5127,Virginia,Anderson,vandersone7@guardian.co.uk
2015-01-10 04:20:53,86.2.193.112,59.3326,18.0649,Ann,Ruiz,aruize8@google.nl
2015-01-27 05:05:34,26.90.21.82,57.7072,11.9668,Kathleen,Reed,kreede9@jimdo.com
2015-01-28 00:06:42,123.193.187.170,-6.9195,112.8446,Tina,Wheeler,twheelerea@nba.com
2015-01-24 09:24:31,100.241.189.90,-7.3722,106.9592,Kimberly,Perez,kperezeb@intel.com
2015-01-07 08:34:32,214.62.25.1,40.88951,22.91682,Rose,Gibson,rgibsonec@geocities.jp
2015-01-21 21:07:15,152.39.81.155,30.16462,112.29608,Willie,Reed,wreeded@youtube.com
2015-01-19 23:37:44,130.58.194.63,60.6036,15.626,Aaron,Frazier,afrazieree@baidu.com
2015-01-25 05:44:36,230.221.195.244,54.0616,19.65932,Harry,Romero,hromeroef@bbc.co.uk
2015-01-03 02:13:42,51.27.21.131,28.18348,114.31217,Jason,Evans,jevanseg@instagram.com
2015-01-17 05:56:56,78.109.101.122,10.46941,-66.83063,Harold,Banks,hbankseh@kickstarter.com
2015-01-03 21:11:49,146.130.197.112,50.84999,-101.71763,Andrew,Henry,ahenryei@dropbox.com
2015-01-12 00:45:01,103.211.127.5,38.8933,-77.0146,Kathleen,Shaw,kshawej@furl.net
2015-01-27 16:58:29,245.226.16.31,-26.31401,26.82223,Anne,Lewis,alewisek@skyrock.com
2015-01-26 16:51:44,191.201.60.211,43.23611,23.12583,Daniel,Mccoy,dmccoyel@imdb.com
2015-01-05 16:32:27,126.99.207.109,45.0159,-93.4719,John,Harrison,jharrisonem@oracle.com
2015-01-05 14:12:00,158.29.155.54,30.9122,95.19044,Jacqueline,Carr,jcarren@youku.com
2015-01-25 03:35:28,214.120.72.10,56.6787,96.0658,Mildred,Mcdonald,mmcdonaldeo@trellian.com
2015-01-26 08:45:42,29.88.167.164,9.817,122.6043,Richard,Spencer,rspencerep@devhub.com
2015-01-11 17:31:20,60.158.245.217,-7.1966,107.9911,Joshua,Hansen,jhanseneq@noaa.gov
2015-01-08 17:29:11,24.208.40.3,28.82244,90.04651,Barbara,Alexander,balexanderer@tmall.com
2015-01-02 13:51:40,31.25.85.160,-6.9241,112.1875,Diane,Gibson,dgibsones@wordpress.org
2015-01-22 01:02:40,26.126.80.25,41.6727,-93.5722,Brenda,Weaver,bweaveret@icio.us
2015-01-13 23:06:07,58.156.212.154,45.4643,9.1895,Jeremy,Ferguson,jfergusoneu@drupal.org
2015-01-08 17:26:44,10.0.150.45,34.88754,38.87031,Martha,Jones,mjonesev@amazon.co.uk
2015-01-19 01:15:19,109.174.8.125,29.29611,121.35833,Randy,Dunn,rdunnew@ameblo.jp
2015-01-30 03:10:43,122.29.210.173,22.16841,107.94309,Susan,Bowman,sbowmanex@prweb.com
2015-01-07 05:51:20,75.86.174.51,-6.9495,112.4288,Chris,Gray,cgrayey@technorati.com
2015-01-28 02:19:41,239.123.32.177,41.50917,19.79278,Rose,Harper,rharperez@nps.gov
2015-01-04 08:46:54,235.37.59.11,38.4,-8.7667,Heather,Sullivan,hsullivanf0@delicious.com
2015-01-20 15:48:50,172.27.25.142,10.24694,-67.59583,Bonnie,Moore,bmooref1@squidoo.com
2015-01-11 06:17:21,104.75.104.38,45.41126,79.91545,Arthur,Robinson,arobinsonf2@qq.com
2015-01-06 13:47:21,33.56.215.47,-7.59083,-37.53944,Stephen,Green,sgreenf3@tinyurl.com
2015-01-26 09:57:55,225.240.199.18,48.7269,2.283,Craig,Davis,cdavisf4@pinterest.com
2015-01-30 21:31:55,240.255.205.1,48.8235,2.2903,Evelyn,Gonzales,egonzalesf5@bloomberg.com
2015-01-02 14:37:37,111.238.244.234,-34.98333,173.46667,Sandra,Roberts,srobertsf6@miibeian.gov.cn
2015-01-12 22:48:00,63.247.130.221,23.82394,117.46238,Catherine,Morales,cmoralesf7@nationalgeographic.com
2015-01-12 08:54:21,220.14.100.168,40.34211,123.15424,Frances,Palmer,fpalmerf8@storify.com
2015-01-10 02:43:15,33.6.185.198,45.83512,-66.47917,Amy,Wright,awrightf9@hp.com
2015-01-03 06:03:04,145.74.122.161,40.278,-8.3553,Louise,Gomez,lgomezfa@harvard.edu
2015-01-16 07:53:01,105.201.23.104,52.23064,19.36409,Beverly,Riley,brileyfb@github.io
2015-01-13 12:59:23,96.77.53.207,55.80672,38.96178,Peter,Sullivan,psullivanfc@twitter.com
2015-01-27 09:16:41,70.182.59.92,8.5711,81.2335,Jesse,Coleman,jcolemanfd@wiley.com
2015-01-05 18:55:51,26.66.59.167,5.975,120.949,Rose,Ellis,rellisfe@cbslocal.com
2015-01-29 10:41:39,24.214.63.228,38.04187,23.68494,Wanda,Reid,wreidff@weibo.com
2015-01-22 17:58:35,134.153.226.223,37.86667,21.26667,Denise,Ellis,dellisfg@geocities.jp
2015-01-17 01:21:04,109.142.188.204,-8.9659,116.74917,Gary,Griffin,ggriffinfh@oracle.com
2015-01-05 01:14:52,7.37.213.251,29.50889,106.66083,Sandra,Carter,scarterfi@friendfeed.com
2015-01-06 08:37:31,244.155.249.237,39.7333,-8.7,Judy,Watson,jwatsonfj@youku.com
2015-01-30 14:29:40,109.209.69.153,-33.17538,-64.99331,Ashley,Nichols,anicholsfk@devhub.com
2015-01-01 19:12:00,62.184.153.146,-6.9788,112.3918,Beverly,Cox,bcoxfl@goo.gl
2015-01-14 05:59:26,36.174.41.20,13.8013,32.4078,Kevin,Taylor,ktaylorfm@indiegogo.com
2015-01-17 21:04:55,128.141.21.123,24.77447,113.69302,Sarah,Hall,shallfn@nasa.gov
2015-01-14 19:13:32,18.255.111.15,30.15559,105.61222,Barbara,Davis,bdavisfo@1688.com
2015-01-14 21:09:25,189.80.173.146,60.6745,17.1417,Eric,Garrett,egarrettfp@php.net
2015-01-26 15:53:35,255.193.139.57,-9.7259,119.3396,Steven,Freeman,sfreemanfq@symantec.com
2015-01-02 08:39:38,88.16.123.94,46.15897,124.14154,Katherine,Morales,kmoralesfr@ameblo.jp
2015-01-21 19:34:33,100.247.72.37,49.68665,30.47384,Janice,Perry,jperryfs@washington.edu
2015-01-18 06:21:58,117.163.27.216,0.88283,-77.70103,Lisa,Franklin,lfranklinft@devhub.com
2015-01-20 11:26:52,196.13.169.73,-8.93139,-76.11315,Julie,Russell,jrussellfu@rambler.ru
2015-01-01 17:07:20,197.57.206.71,28.2815,117.25702,Christopher,Berry,cberryfv@cpanel.net
2015-01-02 17:57:14,187.51.125.78,47.8376,-0.3329,Anthony,Sanchez,asanchezfw@shop-pro.jp
2015-01-01 05:06:34,9.39.47.158,45.24171,20.58089,Gregory,Peters,gpetersfx@irs.gov
2015-01-19 19:43:25,109.254.235.76,64.46667,24.23333,Frances,Moreno,fmorenofy@census.gov
2015-01-22 15:02:06,194.44.248.244,-7.0676,108.0546,Jacqueline,Little,jlittlefz@wikimedia.org
2015-01-13 11:49:08,53.70.164.205,30.51722,112.38389,Joan,Fowler,jfowlerg0@canalblog.com
2015-01-11 03:46:56,97.125.70.32,50.88495,18.69169,Amy,Mills,amillsg1@psu.edu
2015-01-05 09:51:19,116.17.58.236,29.86653,95.75903,Willie,Reid,wreidg2@myspace.com
2015-01-23 15:40:32,230.128.5.178,33.16303,104.78139,Jose,Garrett,jgarrettg3@unc.edu
2015-01-27 19:51:42,255.65.88.215,10.32361,123.92222,Adam,Sims,asimsg4@nih.gov
2015-01-24 15:20:44,153.2.200.112,-9.31833,-35.56111,Christopher,Ryan,cryang5@marriott.com
2015-01-21 19:04:59,188.159.9.179,43.65,25.11667,Henry,Stone,hstoneg6@ifeng.com
2015-01-29 15:45:38,49.108.58.179,56.968,23.77038,Michael,Ramirez,mramirezg7@comsenz.com
2015-01-05 03:14:16,183.252.41.231,-27.81611,-50.32611,Gregory,Bailey,gbaileyg8@webmd.com
2015-01-24 15:56:42,205.241.36.165,-19.79151,-63.19864,Larry,Webb,lwebbg9@bloglines.com
2015-01-10 18:11:57,79.219.183.95,31.6035,55.40249,Mildred,Black,mblackga@netscape.com
2015-01-18 06:10:30,31.204.27.169,9.3,9,Arthur,Lane,alanegb@51.la
2015-01-25 20:20:17,91.204.38.89,17.79639,121.3275,Gerald,Patterson,gpattersongc@independent.co.uk
2015-01-29 21:07:43,189.32.236.157,-6.3943,105.9495,Kathleen,Carr,kcarrgd@marriott.com
2015-01-28 14:29:56,35.5.240.208,50.2945,2.807,Carlos,Fuller,cfullerge@miibeian.gov.cn
2015-01-03 15:01:12,215.207.88.179,43.6475,111.97667,Randy,Austin,raustingf@cocolog-nifty.com
2015-01-06 04:19:54,234.3.15.18,38.6167,-9.1,Stephen,Clark,sclarkgg@smh.com.au
2015-01-05 00:19:33,15.99.65.170,17.60732,121.6767,Matthew,Ray,mraygh@sciencedaily.com
2015-01-29 07:41:21,60.0.118.185,14.86667,-91.61667,Juan,Jenkins,jjenkinsgi@dell.com
2015-01-21 09:45:58,163.60.160.107,-6.58436,105.82517,Nicholas,Johnston,njohnstongj@canalblog.com
2015-01-16 22:51:27,183.48.75.151,20.05278,110.41347,Mary,Ramirez,mramirezgk@nationalgeographic.com
2015-01-20 00:17:00,131.190.92.69,46.5275,15.93944,Martha,Rivera,mriveragl@sitemeter.com
2015-01-06 09:07:31,42.148.217.237,26.16753,115.84175,Kelly,Wheeler,kwheelergm@google.nl
2015-01-11 22:02:46,155.252.220.99,25.35,113.36667,Kathy,Welch,kwelchgn@google.com.hk
2015-01-14 09:29:16,192.250.13.236,22.54352,-73.8778,Joyce,Kennedy,jkennedygo@opera.com
2015-01-14 06:19:54,67.241.145.247,20.24673,-74.15181,Alice,Stone,astonegp@wisc.edu
2015-01-14 23:33:20,86.252.6.11,-7.1536,111.6146,Louise,Carroll,lcarrollgq@fda.gov
2015-01-10 16:07:02,21.146.178.112,7.15611,124.69111,Eric,Dixon,edixongr@instagram.com
2015-01-27 07:20:32,59.120.170.133,57.00993,61.45776,Adam,Peters,apetersgs@bloomberg.com
2015-01-17 11:10:17,118.25.22.83,31.05168,118.85115,Marie,Ford,mfordgt@yellowpages.com
2015-01-02 15:33:47,107.68.246.37,43.2969,5.3811,Larry,Mendoza,lmendozagu@amazon.co.uk
2015-01-17 02:08:33,102.236.155.28,18.5111,-98.7547,Ryan,Walker,rwalkergv@e-recht24.de
2015-01-25 10:17:19,145.9.67.198,44.124,127.53072,Phillip,Murphy,pmurphygw@pen.io
2015-01-29 01:06:00,20.84.71.187,13.049,3.1937,Ann,Martin,amartingx@hexun.com
2015-01-02 11:51:24,25.193.174.69,41.4,-8.75,Paula,Rodriguez,prodriguezgy@domainmarket.com
2015-01-07 04:44:42,189.113.144.74,31.31146,31.14766,Daniel,Coleman,dcolemangz@noaa.gov
2015-01-27 06:47:08,23.150.217.192,43.71922,44.47815,Nicole,Daniels,ndanielsh0@hp.com
2015-01-30 06:18:53,209.190.89.39,1.917,-76.85233,Charles,Meyer,cmeyerh1@ask.com
2015-01-05 03:11:43,108.180.73.126,30.7737,70.93125,Julia,Watson,jwatsonh2@virginia.edu
2015-01-08 19:56:02,49.17.114.238,47.31499,123.75442,Timothy,Gardner,tgardnerh3@hhs.gov
2015-01-11 10:17:49,137.37.117.160,7.09528,125.03361,Bobby,Perry,bperryh4@gmpg.org
2015-01-12 03:45:45,241.84.215.12,34.5,135.85,Carol,George,cgeorgeh5@army.mil
2015-01-02 00:32:23,20.155.155.199,26.32404,119.8837,Keith,Harvey,kharveyh6@time.com
2015-01-26 22:54:38,214.20.124.249,39.62,-8.8492,Rose,Romero,rromeroh7@weibo.com
2015-01-24 00:38:19,124.62.87.78,-13.28163,-176.17453,Tammy,Ward,twardh8@storify.com
2015-01-07 15:57:50,19.46.93.35,20.75167,-76.02694,Andrew,Stanley,astanleyh9@g.co
2015-01-05 23:28:47,196.125.95.35,13.82916,20.8324,Kathleen,Brown,kbrownha@marketwatch.com
2015-01-25 10:02:32,33.3.43.80,32.89139,108.50472,Marie,Reynolds,mreynoldshb@cafepress.com
2015-01-29 00:05:10,232.80.40.197,-6.9257,111.5418,Janice,Dixon,jdixonhc@imgur.com
2015-01-13 01:34:35,220.223.19.19,27.0011,-101.8941,Shirley,Burton,sburtonhd@usgs.gov
2015-01-30 05:53:06,209.104.127.63,8.68333,-12.53333,William,Jones,wjoneshe@telegraph.co.uk
2015-01-04 19:11:33,164.231.183.111,41.91639,22.41278,Janice,Reid,jreidhf@e-recht24.de
2015-01-17 02:10:06,182.77.143.242,27.78396,114.55212,Ashley,Howell,ahowellhg@baidu.com
2015-01-03 14:39:52,151.208.230.5,23.62043,112.28655,Susan,Campbell,scampbellhh@over-blog.com
2015-01-17 13:06:44,60.137.125.3,50.54366,15.08034,Rebecca,Murphy,rmurphyhi@seattletimes.com
2015-01-19 20:44:27,150.55.226.29,50.80659,17.88351,Jennifer,Austin,jaustinhj@sciencedirect.com
2015-01-02 23:57:00,70.64.114.102,-19.11639,33.48333,Gloria,Chavez,gchavezhk@slate.com
2015-01-20 03:50:57,135.53.77.0,45.2333,5.6833,Lisa,Wright,lwrighthl@php.net
2015-01-24 09:52:58,20.255.71.6,31.2163,34.11074,Alan,Fisher,afisherhm@wiley.com
2015-01-11 00:18:40,84.69.251.12,31.76667,104.71667,Matthew,Owens,mowenshn@unc.edu
2015-01-30 06:59:14,233.78.114.203,44.07139,15.39333,Bonnie,Garrett,bgarrettho@blogger.com
2015-01-13 00:42:17,140.12.215.241,28.04981,109.72061,Samuel,Williamson,swilliamsonhp@cafepress.com
2015-01-18 03:55:50,16.230.190.214,28.40247,118.21232,John,Austin,jaustinhq@npr.org
2015-01-20 04:50:52,119.87.77.99,9.26926,-2.9951,Shirley,Gilbert,sgilberthr@webeden.co.uk
2015-01-17 12:56:51,122.205.5.26,49.80162,125.77767,Patrick,Flores,pfloreshs@cbsnews.com
2015-01-09 10:44:12,230.89.10.43,27.334,53.179,Betty,Powell,bpowellht@examiner.com
2015-01-08 23:42:13,129.240.72.141,-6.8864,111.583,Ryan,Hanson,rhansonhu@java.com
2015-01-07 06:25:15,176.102.119.46,-9.56667,-77.71667,Ernest,Taylor,etaylorhv@marriott.com
2015-01-22 01:48:03,7.153.198.59,-21.16995,27.50788,Gloria,Knight,gknighthw@soundcloud.com
2015-01-10 14:13:24,227.104.164.61,49.53083,15.45708,Robin,Robinson,rrobinsonhx@ifeng.com
2015-01-07 05:43:53,65.71.248.21,48.43919,22.71779,Ronald,Green,rgreenhy@hhs.gov
2015-01-02 14:53:33,93.232.180.117,35.00856,132.2257,Richard,Sims,rsimshz@soundcloud.com
2015-01-14 12:54:19,245.43.131.27,50.50186,24.76148,Rose,Rodriguez,rrodriguezi0@si.edu
2015-01-12 07:29:49,58.241.255.171,17.96667,-77.7,Lois,Stephens,lstephensi1@51.la
2015-01-21 17:54:52,199.139.255.121,8.25778,125.0275,Antonio,Ortiz,aortizi2@sciencedaily.com
2015-01-05 00:49:18,251.139.235.120,41.2913,113.24405,Angela,Phillips,aphillipsi3@myspace.com
2015-01-01 10:23:31,43.174.17.88,32.42089,119.40435,Susan,Harper,sharperi4@homestead.com
2015-01-14 13:38:38,160.245.133.241,7.20444,124.79167,Sara,Dixon,sdixoni5@house.gov
2015-01-26 07:16:27,7.164.155.68,35.81639,108.0125,Tina,Wright,twrighti6@yellowbook.com
2015-01-13 17:37:55,205.140.101.137,-32.83333,-54.76667,Sharon,Kim,skimi7@odnoklassniki.ru
2015-01-27 10:08:13,146.194.48.114,32.36732,120.47391,Phillip,Johnston,pjohnstoni8@seesaa.net
2015-01-01 15:37:59,172.217.120.15,34.86667,137.05,Willie,Ruiz,wruizi9@simplemachines.org
2015-01-10 20:37:59,218.205.181.30,-1.89528,-49.38056,Jane,Garrett,jgarrettia@rambler.ru
2015-01-19 14:40:05,138.126.91.17,22.48556,103.97066,Mary,Fisher,mfisherib@theguardian.com
2015-01-26 19:25:40,50.205.124.101,47.2173,-1.5534,Norma,Dean,ndeanic@ovh.net
2015-01-08 03:51:57,36.13.188.206,22.81898,113.67306,Kathryn,Alvarez,kalvarezid@flickr.com
2015-01-19 20:24:53,40.199.251.222,8.81556,-65.3225,Phillip,Burke,pburkeie@yolasite.com
2015-01-20 09:53:45,254.173.49.46,56.1997,12.558,Nicole,Harper,nharperif@nymag.com
2015-01-16 12:10:15,75.194.102.154,43.286,-77.6843,Larry,Mccoy,lmccoyig@geocities.jp
2015-01-13 00:28:11,79.12.205.115,40.38944,125.04667,Marie,Lawson,mlawsonih@cnn.com
2015-01-14 02:50:59,252.249.141.142,59.7775,30.81806,Edward,Jones,ejonesii@scientificamerican.com
2015-01-03 04:48:07,102.9.96.207,39.51068,76.80144,Paul,Morales,pmoralesij@youtube.com
2015-01-02 04:59:59,50.86.154.59,39.1,23.08333,Walter,Ortiz,wortizik@last.fm
2015-01-07 16:32:37,89.163.170.94,41.91667,118.66667,Louise,Ramirez,lramirezil@skyrock.com
2015-01-02 09:42:09,27.196.154.88,23.0425,112.91389,Martha,Coleman,mcolemanim@ask.com
2015-01-27 02:13:23,221.241.73.244,59.3326,18.0649,Annie,Spencer,aspencerin@pen.io
2015-01-16 05:38:44,222.150.142.241,14.1463,121.4729,Lois,Rogers,lrogersio@discuz.net
2015-01-24 02:57:25,45.42.11.202,-6.8451,111.2719,Jacqueline,Hernandez,jhernandezip@bluehost.com
2015-01-26 06:40:07,232.24.69.12,56.1325,101.61417,Dennis,Howard,dhowardiq@ifeng.com
2015-01-17 16:14:47,39.70.5.104,45.1333,-0.6667,Brenda,Roberts,brobertsir@nature.com
2015-01-09 04:09:10,206.5.4.219,-19.38333,47.41667,Mildred,Ellis,mellisis@reference.com
2015-01-15 18:07:36,125.25.129.154,55.81667,37.86667,Louis,Frazier,lfrazierit@desdev.cn
2015-01-28 13:29:33,95.149.152.144,41.6,-8.05,Paula,Mitchell,pmitchelliu@drupal.org
2015-01-29 01:57:12,82.137.247.159,28.36101,109.97433,Roger,Martinez,rmartineziv@columbia.edu
2015-01-07 08:33:29,98.225.68.144,49.47698,83.14803,Frank,Walker,fwalkeriw@etsy.com
2015-01-11 21:01:00,247.214.163.118,-20.14333,-44.19972,Cynthia,Bennett,cbennettix@shinystat.com
2015-01-16 00:42:23,181.124.19.116,-28.83646,-59.00476,Jack,Banks,jbanksiy@csmonitor.com
2015-01-08 07:00:15,79.130.254.17,53.37447,14.47251,Paul,Schmidt,pschmidtiz@myspace.com
2015-01-29 16:57:31,194.8.63.49,23.5418,116.36581,Anthony,Cooper,acooperj0@1und1.de
2015-01-23 14:01:27,97.14.158.155,23.26966,116.708,Michelle,Pierce,mpiercej1@google.de
2015-01-16 08:57:47,153.161.12.244,27.872,-82.4388,Roger,Carpenter,rcarpenterj2@archive.org
2015-01-11 04:00:56,219.51.57.119,42.00973,20.97155,Johnny,Rodriguez,jrodriguezj3@slideshare.net
2015-01-16 05:02:59,255.253.170.53,59.051,12.7049,Benjamin,Gilbert,bgilbertj4@sogou.com
2015-01-26 06:01:19,175.225.125.114,26.82634,100.21906,Elizabeth,Gibson,egibsonj5@pagesperso-orange.fr
2015-01-07 12:51:31,106.95.225.173,4.74132,22.81838,Bonnie,Gutierrez,bgutierrezj6@sciencedaily.com
2015-01-11 06:40:02,186.40.208.88,14.1,-86.36667,Patricia,Robinson,probinsonj7@cbslocal.com
2015-01-17 04:31:33,4.244.118.7,-7.3508,108.8405,Dennis,Greene,dgreenej8@sfgate.com
2015-01-17 16:12:37,127.60.90.54,-8.5302,121.8051,Roger,Griffin,rgriffinj9@gnu.org
2015-01-22 22:27:52,239.219.181.170,45.8855,6.0883,Anne,Grant,agrantja@foxnews.com
2015-01-02 17:49:17,170.129.198.225,-10.42172,105.67912,Nancy,Robertson,nrobertsonjb@booking.com
2015-01-13 13:53:04,166.180.40.214,14.54889,-90.78833,Nancy,Lawson,nlawsonjc@bing.com
2015-01-03 07:12:59,126.28.88.54,27.66787,91.18393,Ryan,Howard,rhowardjd@instagram.com
2015-01-27 00:28:57,60.187.22.176,14.87649,-88.07473,Larry,Robertson,lrobertsonje@kickstarter.com
2015-01-06 11:38:15,132.102.8.114,3.24991,-76.22814,David,Williams,dwilliamsjf@delicious.com
2015-01-17 17:57:42,88.92.154.146,46.86135,124.442,Ruth,Nelson,rnelsonjg@sogou.com
2015-01-03 01:19:00,103.151.158.62,47.23123,9.54678,Bobby,Fields,bfieldsjh@storify.com
2015-01-20 09:16:48,158.93.112.144,23.26256,112.68694,Dennis,Garza,dgarzaji@answers.com
2015-01-19 10:20:07,22.35.130.6,-7.578,108.6763,Ashley,Long,alongjj@arstechnica.com
2015-01-10 09:20:07,117.135.251.97,38.19677,114.64103,Jennifer,Scott,jscottjk@typepad.com
2015-01-14 20:18:20,56.254.182.59,9.93333,123.95,Shawn,Fowler,sfowlerjl@vistaprint.com
2015-01-22 15:07:01,239.30.15.89,-10.1557,124.0498,Louise,Castillo,lcastillojm@yahoo.com
2015-01-21 12:37:46,185.138.15.182,-18.81667,49.06667,Pamela,Kennedy,pkennedyjn@deliciousdays.com
2015-01-04 20:02:08,18.14.83.55,34.5,135.85,Scott,Lopez,slopezjo@economist.com
2015-01-02 09:28:15,3.152.103.80,-6.6739,111.091,Stephen,Perry,sperryjp@fc2.com
2015-01-15 01:28:33,205.25.96.198,50.88798,21.66658,Judith,Ford,jfordjq@who.int
2015-01-16 05:28:23,12.177.141.94,27.79642,114.44316,Stephen,Peters,spetersjr@army.mil
2015-01-28 11:27:48,179.129.167.140,50.293,2.7819,Theresa,Moore,tmoorejs@marketwatch.com
2015-01-20 02:12:47,93.42.28.80,-4.5827,-79.79713,Walter,Banks,wbanksjt@skyrock.com
2015-01-26 06:03:55,105.142.221.61,28.09001,114.84235,Jesse,Ramos,jramosju@fema.gov
2015-01-22 07:09:41,174.172.255.60,-7.95889,-79.23917,Craig,Cox,ccoxjv@pinterest.com
2015-01-11 12:33:17,49.72.213.71,-8.73333,35.28333,Carl,Harrison,charrisonjw@de.vu
2015-01-30 22:30:43,21.226.180.244,41.29711,124.12092,Robert,Kennedy,rkennedyjx@vk.com
2015-01-03 15:32:19,45.21.197.132,10.67384,-85.19984,Andrew,Parker,aparkerjy@goo.gl
2015-01-24 08:12:12,190.243.180.179,41.43254,46.9646,Jerry,Bailey,jbaileyjz@exblog.jp
2015-01-17 19:44:27,149.52.14.112,-8.5271,120.7293,Jeffrey,Cunningham,jcunninghamk0@acquirethisname.com
2015-01-09 02:02:35,145.177.97.190,50.13243,15.91116,Elizabeth,Henderson,ehendersonk1@istockphoto.com
2015-01-09 02:35:15,133.65.140.149,41.09766,44.67316,Stephanie,Richardson,srichardsonk2@netscape.com
2015-01-04 07:30:17,97.165.68.236,54.2922,47.3891,Amy,Weaver,aweaverk3@joomla.org
2015-01-29 23:59:10,150.216.75.7,-18.16583,-47.94639,Kathleen,Jackson,kjacksonk4@webeden.co.uk
2015-01-28 03:15:39,254.145.200.182,39.2847,-76.6205,Sara,Griffin,sgriffink5@dyndns.org
2015-01-10 05:54:19,149.135.33.127,16.58321,107.36438,Michael,Taylor,mtaylork6@ft.com
2015-01-16 04:36:06,99.30.231.229,44.69139,44.17444,Susan,Torres,storresk7@washingtonpost.com
2015-01-23 11:43:22,222.207.156.1,25.94148,115.72088,Linda,Ellis,lellisk8@bing.com
2015-01-26 15:25:41,194.192.193.145,-7.5086,107.8675,Willie,Lane,wlanek9@google.ca
2015-01-03 09:04:11,236.150.218.166,49.2773,-0.7039,Walter,Murphy,wmurphyka@soundcloud.com
2015-01-29 07:58:21,217.88.139.7,28.9179,107.89711,Doris,Berry,dberrykb@mediafire.com
2015-01-16 04:45:08,200.119.114.218,49.96232,18.7728,Ronald,Owens,rowenskc@a8.net
2015-01-01 15:39:16,208.127.235.53,54.30976,18.56149,Beverly,Montgomery,bmontgomerykd@vimeo.com
2015-01-19 03:26:02,218.135.176.180,59.3098,14.1081,Gloria,Weaver,gweaverke@w3.org
2015-01-07 05:48:26,251.220.18.171,54.6269,39.6916,Laura,Miller,lmillerkf@ning.com
2015-01-29 00:27:47,185.140.159.249,18.2846,109.58232,Carolyn,Richards,crichardskg@shareasale.com
2015-01-29 13:46:47,234.48.84.203,64.8977,45.7655,Gloria,Butler,gbutlerkh@joomla.org
2015-01-03 15:51:34,6.117.204.144,60.24948,30.44938,Martin,Sullivan,msullivanki@netlog.com
2015-01-19 07:18:31,87.78.127.171,59.89923,150.87376,Doris,Ray,draykj@xing.com
2015-01-24 03:54:54,45.84.100.171,-7.181,107.9127,Lori,Garcia,lgarciakk@ftc.gov
2015-01-27 23:43:32,136.220.45.48,41.12348,126.17631,Victor,Jenkins,vjenkinskl@phoca.cz
2015-01-07 06:14:07,2.28.171.39,12.26356,-85.08078,Carl,Tucker,ctuckerkm@de.vu
2015-01-26 08:05:41,128.248.78.243,-8.0797,111.8117,Henry,Graham,hgrahamkn@nbcnews.com
2015-01-04 08:23:08,246.128.230.99,16.51419,-88.36647,Richard,Miller,rmillerko@irs.gov
2015-01-03 05:34:44,247.125.172.119,23.67704,116.99961,Jesse,Palmer,jpalmerkp@wikia.com
2015-01-03 21:58:58,166.25.39.204,13.95532,7.67122,Shawn,Mitchell,smitchellkq@goo.gl
2015-01-20 23:09:17,92.17.147.184,37.71871,126.23304,Patricia,Jordan,pjordankr@walmart.com
2015-01-13 19:51:42,75.5.131.0,1.51274,99.62628,Jason,Anderson,jandersonks@nature.com
2015-01-07 10:27:26,196.70.11.16,49.64462,19.40083,Helen,Bishop,hbishopkt@alibaba.com
2015-01-15 06:35:03,190.125.231.135,25.3604,60.3995,Anthony,Martinez,amartinezku@netscape.com
2015-01-24 21:34:16,242.228.182.18,41.7412,-7.4447,Karen,Stephens,kstephenskv@msu.edu
2015-01-14 23:25:28,114.3.125.192,51.40547,19.70321,Julie,Ray,jraykw@fotki.com
2015-01-27 18:07:53,171.78.11.241,15.88333,-87.85,Christine,Murray,cmurraykx@shutterfly.com
2015-01-24 16:56:34,255.130.141.97,-6.5483,105.9235,Steven,Holmes,sholmesky@mayoclinic.com
2015-01-13 23:38:34,87.178.167.36,-7.0775,112.4453,Teresa,Fisher,tfisherkz@cloudflare.com
2015-01-25 11:08:42,191.183.251.5,7.11444,124.59528,Judy,Fuller,jfullerl0@unc.edu
2015-01-03 22:47:03,179.87.238.101,36.41819,54.97628,Bonnie,Kelley,bkelleyl1@mayoclinic.com
2015-01-07 21:53:19,63.26.182.206,-6.7283,111.5918,Ernest,Montgomery,emontgomeryl2@netlog.com
2015-01-30 03:58:34,151.195.223.239,53.83194,80.34056,Jimmy,Adams,jadamsl3@rakuten.co.jp
2015-01-30 22:54:15,188.226.121.205,52.35327,22.61338,Gerald,Anderson,gandersonl4@vk.com
2015-01-25 23:48:30,148.177.205.9,8.74417,124.77694,Maria,Brooks,mbrooksl5@google.cn
2015-01-07 02:28:45,196.13.223.174,8.30844,-73.6166,Denise,Carroll,dcarrolll6@webmd.com
2015-01-06 04:35:01,216.93.119.80,30.56482,31.15777,Juan,Palmer,jpalmerl7@msn.com
2015-01-18 01:08:14,123.88.196.152,44.2,121.66667,William,Morrison,wmorrisonl8@meetup.com
2015-01-08 16:39:32,57.88.75.89,-25.17838,46.08722,Jonathan,Duncan,jduncanl9@ehow.com
2015-01-11 10:36:55,252.223.76.113,-7.5061,108.3772,Andrea,Gomez,agomezla@woothemes.com
2015-01-17 19:04:04,111.215.93.13,34.30455,108.96329,Antonio,Ferguson,afergusonlb@twitpic.com
2015-01-14 08:06:19,238.60.100.112,13.65854,100.53362,Shirley,Simmons,ssimmonslc@163.com
2015-01-10 07:59:21,170.227.36.107,10.8726,123.5209,Philip,Wilson,pwilsonld@bigcartel.com
2015-01-25 15:00:58,210.162.161.225,32.7673,-96.7776,Russell,Powell,rpowellle@dagondesign.com
2015-01-15 16:38:23,220.94.57.123,-7.0456,111.2657,Patricia,Montgomery,pmontgomerylf@sciencedirect.com
2015-01-24 01:15:02,1.5.93.224,49.01292,13.99752,Norma,Lawson,nlawsonlg@apache.org
2015-01-14 14:26:55,183.194.148.238,-29.17139,-51.51917,Joe,Lawson,jlawsonlh@lycos.com
2015-01-04 01:51:33,80.128.203.9,26.04184,68.13777,Patricia,Lee,pleeli@time.com
2015-01-09 01:56:42,61.105.251.131,9.19278,125.56444,Marie,Hunt,mhuntlj@is.gd
2015-01-07 07:10:13,245.146.18.38,11.47652,5.20625,Louise,Hunt,lhuntlk@nsw.gov.au
2015-01-23 22:01:49,194.136.17.32,51.89636,17.78549,Donna,Reynolds,dreynoldsll@google.com.br
2015-01-17 05:26:58,79.164.165.36,59.3326,18.0649,Tammy,Gonzales,tgonzaleslm@ucoz.ru
2015-01-11 07:58:38,82.151.168.55,-9.13833,-77.74361,Arthur,Garza,agarzaln@shinystat.com
2015-01-09 03:46:06,170.222.207.132,6.49611,3.38778,Janice,Reed,jreedlo@t.co
2015-01-30 20:57:20,228.43.97.104,15.15,-87.88333,Edward,Cole,ecolelp@usda.gov
2015-01-08 08:45:50,95.144.173.213,13.58467,101.28403,John,Nichols,jnicholslq@creativecommons.org
2015-01-11 16:26:03,9.155.242.53,3.91667,-76.5,Denise,Garcia,dgarcialr@webeden.co.uk
2015-01-24 19:11:15,89.223.231.30,52.3506,31.1121,Diane,Castillo,dcastillols@cocolog-nifty.com
2015-01-22 00:56:47,105.254.191.149,48.8646,2.3984,Lawrence,Stevens,lstevenslt@typepad.com
2015-01-23 06:53:24,203.109.142.90,47.12978,125.63021,Frank,Elliott,felliottlu@histats.com
2015-01-17 21:11:31,172.177.16.123,29.04397,111.53886,Earl,Wheeler,ewheelerlv@pinterest.com
2015-01-12 16:20:48,40.199.180.91,29.59638,115.32052,Lisa,Dean,ldeanlw@tumblr.com
2015-01-18 18:30:23,69.235.226.61,28.02511,114.93818,Philip,Morrison,pmorrisonlx@shareasale.com
2015-01-17 11:06:01,122.38.136.135,39.86694,124.12304,Andrea,Kelley,akelleyly@wsj.com
2015-01-12 08:15:41,93.158.248.2,58.2295,14.6529,Anthony,Bryant,abryantlz@yahoo.com
2015-01-29 18:21:59,26.228.64.123,38.3774,-121.4444,Howard,Flores,hfloresm0@samsung.com
2015-01-10 16:58:50,24.106.203.158,40.7145,-111.8931,Victor,Payne,vpaynem1@weebly.com
2015-01-08 04:33:44,37.170.152.41,46.318,20.027,Sandra,Perry,sperrym2@ca.gov
2015-01-23 16:19:39,93.148.222.47,45.54545,126.97703,Albert,Hall,ahallm3@usa.gov
2015-01-28 07:26:53,24.190.18.97,28.28944,112.23861,Brenda,Adams,badamsm4@livejournal.com
2015-01-27 21:33:22,52.201.238.155,59.3326,18.0649,Dorothy,Murray,dmurraym5@arstechnica.com
2015-01-17 13:32:47,142.186.34.211,41.3083,-8.1437,Phillip,Baker,pbakerm6@acquirethisname.com
2015-01-26 12:44:45,219.84.101.255,47.70107,123.23173,Robert,Mitchell,rmitchellm7@blogtalkradio.com
2015-01-13 14:49:16,227.3.249.205,16.63333,53.03333,Sarah,Gardner,sgardnerm8@walmart.com
2015-01-10 22:59:04,241.30.89.92,4.62079,96.75686,Henry,Bradley,hbradleym9@prnewswire.com
2015-01-02 16:09:20,163.158.246.247,30.70693,111.97266,Stephen,Wagner,swagnerma@squidoo.com
2015-01-02 17:05:02,34.66.45.79,38.42738,141.21487,Harold,Clark,hclarkmb@cam.ac.uk
2015-01-03 20:11:11,209.21.253.251,35.11667,138.91667,Joshua,Hunt,jhuntmc@nyu.edu
2015-01-22 03:35:47,22.55.90.145,-7.0103,108.6329,Jack,Bryant,jbryantmd@moonfruit.com
2015-01-23 01:39:30,203.173.90.43,-5.74306,-39.6275,Joshua,Stephens,jstephensme@berkeley.edu
2015-01-06 18:59:33,159.47.251.51,30.45317,113.18316,Lois,Hughes,lhughesmf@baidu.com
2015-01-12 20:33:22,5.47.118.235,-7.5375,109.24694,Shawn,Holmes,sholmesmg@ft.com
2015-01-17 08:18:05,182.86.37.196,13.09778,7.2225,Joe,Green,jgreenmh@drupal.org
2015-01-04 11:16:31,133.61.180.169,32.55118,51.52758,George,Berry,gberrymi@sbwire.com
2015-01-30 20:06:36,211.55.85.20,29.61475,105.89463,Emily,Tucker,etuckermj@taobao.com
2015-01-14 15:11:02,239.93.214.44,30.44738,112.20031,Jeffrey,Reid,jreidmk@example.com
2015-01-22 04:01:03,107.150.130.94,28.38036,108.91068,Linda,Hansen,lhansenml@friendfeed.com
2015-01-24 23:59:43,151.23.0.15,25.78944,112.21056,Jennifer,Wood,jwoodmm@livejournal.com
2015-01-24 13:22:00,97.178.115.151,12.64143,121.43791,Beverly,Evans,bevansmn@slate.com
2015-01-19 15:24:13,152.141.109.230,16.00295,43.19724,Sandra,Barnes,sbarnesmo@nsw.gov.au
2015-01-18 06:34:32,49.240.152.235,34.21062,107.7136,David,Wood,dwoodmp@microsoft.com
2015-01-15 01:35:08,206.74.225.115,58.1881,12.716,Ralph,Ramirez,rramirezmq@sun.com
2015-01-18 23:09:21,70.164.159.166,6.25564,7.27025,Janice,Payne,jpaynemr@lycos.com
2015-01-26 09:32:17,215.113.95.168,52.566,78.9385,Andrea,Collins,acollinsms@businessinsider.com
2015-01-29 22:49:46,232.120.102.253,-20.93333,-64.9,Rachel,Hayes,rhayesmt@weibo.com
2015-01-27 20:51:15,120.84.208.103,29.65,91.1,Denise,Kelley,dkelleymu@arstechnica.com
2015-01-14 23:41:05,213.21.135.139,28.3952,120.65191,Ryan,Duncan,rduncanmv@usda.gov
2015-01-13 01:06:10,206.88.6.210,31.89852,119.73471,Douglas,Wallace,dwallacemw@mysql.com
2015-01-15 02:54:41,198.151.111.123,26.76528,119.54722,Julie,Thomas,jthomasmx@un.org
2015-01-18 18:31:30,218.176.129.131,1.35317,173.04259,Judy,Nichols,jnicholsmy@moonfruit.com
2015-01-04 16:42:25,24.73.54.24,11.2835,123.7462,Jack,Garcia,jgarciamz@zimbio.com
2015-01-13 02:59:37,123.117.146.149,7.83793,-72.5037,Annie,Wagner,awagnern0@nsw.gov.au
2015-01-05 08:35:03,129.40.39.179,50.5877,13.80803,Russell,Alexander,ralexandern1@miitbeian.gov.cn
2015-01-02 05:16:48,116.128.134.252,50.68357,16.74359,Paul,Collins,pcollinsn2@nbcnews.com
2015-01-24 08:31:22,2.88.131.31,-27.71773,-48.56266,Raymond,Gibson,rgibsonn3@tumblr.com
2015-01-07 21:28:47,137.195.216.32,44.2,118.46667,Diana,Hansen,dhansenn4@eepurl.com
2015-01-13 11:31:18,255.241.228.66,49.77644,22.65252,Deborah,Lawrence,dlawrencen5@apple.com
2015-01-09 02:18:05,69.50.45.229,55.6759,12.5655,Patricia,Mcdonald,pmcdonaldn6@wsj.com
2015-01-13 10:39:42,212.42.65.50,-4.12891,104.16695,Victor,Berry,vberryn7@mapquest.com
2015-01-26 13:50:23,60.151.16.7,32.4908,-92.1594,Willie,Palmer,wpalmern8@networksolutions.com
2015-01-02 20:39:33,23.215.53.196,10.76823,106.66632,Helen,Garcia,hgarcian9@istockphoto.com
2015-01-17 14:31:57,226.1.33.56,4.6212,96.8467,Carlos,Myers,cmyersna@google.com.br
2015-01-02 21:26:37,69.23.182.22,29.31778,121.86167,Juan,Lewis,jlewisnb@wikimedia.org
2015-01-04 20:48:04,83.218.75.246,-16.11064,46.64383,Jonathan,King,jkingnc@reference.com
2015-01-07 03:39:08,44.74.114.253,28.19408,112.2626,Eugene,Simmons,esimmonsnd@businessinsider.com
2015-01-02 22:47:35,217.90.70.142,62.2,23.18333,Rose,Collins,rcollinsne@state.gov
2015-01-07 14:25:15,216.216.194.72,26.0512,117.94488,Anna,Bishop,abishopnf@rakuten.co.jp
2015-01-03 17:36:29,176.216.43.211,-30.71999,25.09718,Walter,Wright,wwrightng@angelfire.com
2015-01-25 06:42:55,11.245.43.150,50.36832,137.50163,Andrea,Sims,asimsnh@lulu.com
2015-01-17 18:56:37,249.253.3.210,49.98203,19.15157,Janice,Little,jlittleni@netlog.com
2015-01-12 23:42:44,184.175.190.245,28.35209,116.01197,Scott,Campbell,scampbellnj@rakuten.co.jp
2015-01-22 02:36:36,40.21.140.205,24.91965,89.94812,Nicholas,Howard,nhowardnk@posterous.com
2015-01-07 18:52:43,128.53.255.50,48.5834,7.743,James,Ray,jraynl@google.cn
2015-01-26 19:52:10,70.146.7.237,-8.0879,113.2481,Jane,Willis,jwillisnm@statcounter.com
2015-01-18 18:13:57,67.104.180.23,20.8425,109.84694,Johnny,Torres,jtorresnn@dmoz.org
2015-01-15 09:06:03,82.255.215.156,49.41667,35.53333,Ernest,Rogers,erogersno@irs.gov
2015-01-15 18:06:05,118.98.192.50,10.83333,123.55,Joyce,Sullivan,jsullivannp@istockphoto.com
2015-01-14 04:30:52,151.45.12.189,42.0125,-8.55,Mildred,Washington,mwashingtonnq@phoca.cz
2015-01-03 00:21:55,82.143.89.29,-16.47083,-54.63556,Lillian,Schmidt,lschmidtnr@cloudflare.com
2015-01-22 08:42:25,234.148.184.135,40.1233,-7.1762,Annie,Powell,apowellns@ftc.gov
2015-01-17 05:36:15,178.205.60.210,57.7815,14.1562,Randy,Daniels,rdanielsnt@springer.com
2015-01-28 18:31:57,40.242.130.77,8.31667,39.48333,Stephen,Ray,sraynu@purevolume.com
2015-01-07 23:12:31,138.204.85.91,-15.23333,-68.96667,Ryan,Cole,rcolenv@ed.gov
2015-01-10 02:53:33,120.189.6.57,55.6759,12.5655,Pamela,Shaw,pshawnw@telegraph.co.uk
2015-01-14 18:02:55,179.254.121.159,43.13053,45.53791,Sandra,Campbell,scampbellnx@ameblo.jp
2015-01-29 01:24:22,59.154.59.57,34.31667,135.61667,Dorothy,Murphy,dmurphyny@princeton.edu
2015-01-29 16:33:23,125.97.228.52,51.62222,37.12444,Martin,Wheeler,mwheelernz@upenn.edu
2015-01-04 11:01:16,82.106.73.203,51.31075,21.25233,Katherine,Rogers,krogerso0@php.net
2015-01-12 17:57:25,104.205.102.145,-6.936,112.8633,Dennis,Johnston,djohnstono1@go.com
2015-01-12 08:20:03,175.239.160.58,6.52194,124.89,Raymond,Hawkins,rhawkinso2@mediafire.com
2015-01-25 23:49:35,199.20.85.212,32.12287,46.74928,Carl,Tucker,ctuckero3@networkadvertising.org
2015-01-21 20:50:29,198.105.71.27,42.39368,47.98608,Barbara,Walker,bwalkero4@github.com
2015-01-08 01:42:39,30.100.75.210,10.1755,123.2826,Carl,Warren,cwarreno5@xrea.com
2015-01-26 11:39:18,15.50.18.78,-7.0148,113.5819,Steve,Fields,sfieldso6@mapquest.com
2015-01-24 10:16:26,64.51.7.51,15.26667,-13,Carol,Duncan,cduncano7@vk.com
2015-01-30 21:55:44,11.176.136.171,-8.0195,112.254,Kathleen,King,kkingo8@amazon.com
2015-01-15 05:26:56,94.116.25.96,60.15328,59.95205,Kevin,Turner,kturnero9@mediafire.com
2015-01-22 20:26:58,225.122.236.177,36.68149,115.34085,Donna,Carr,dcarroa@tmall.com
2015-01-05 13:25:59,125.0.32.44,9.14334,-74.22384,Howard,Banks,hbanksob@imgur.com
2015-01-28 03:52:39,167.188.200.157,46.04444,14.84417,Peter,Robertson,probertsonoc@reference.com
2015-01-16 17:37:54,49.59.225.66,17.0036,120.9232,Angela,Robinson,arobinsonod@smugmug.com
2015-01-07 22:23:19,156.32.130.171,34.05751,51.48291,Jesse,Stanley,jstanleyoe@bandcamp.com
2015-01-08 07:43:04,88.69.108.155,31.27284,118.33564,Elizabeth,Cole,ecoleof@theguardian.com
2015-01-19 11:50:01,40.87.190.100,62.93373,152.39109,Jimmy,Williamson,jwilliamsonog@geocities.jp
2015-01-28 04:03:46,204.223.197.14,43.64111,81.87,Mark,Ortiz,mortizoh@blogspot.com
2015-01-30 12:23:02,253.41.63.118,44.02127,144.26971,John,Roberts,jrobertsoi@theguardian.com
2015-01-13 13:31:27,198.118.165.87,-9.99709,39.71649,Elizabeth,Young,eyoungoj@phoca.cz
2015-01-18 22:56:41,234.177.154.185,-7.6175,109.12139,Timothy,Hudson,thudsonok@surveymonkey.com
2015-01-13 02:15:30,218.85.79.120,49.8445,15.80461,Shirley,Perkins,sperkinsol@disqus.com
2015-01-27 01:54:52,72.65.176.252,14.6177,-61.099,Larry,Butler,lbutlerom@symantec.com
2015-01-06 17:19:31,39.207.73.95,15.6835,120.7338,Pamela,Rice,priceon@usa.gov
2015-01-14 10:55:27,224.76.116.197,32.28347,35.38367,Ashley,Jenkins,ajenkinsoo@storify.com
2015-01-05 22:08:40,174.194.92.66,50.2477,18.61547,Lillian,Vasquez,lvasquezop@ning.com
2015-01-22 17:19:52,177.99.29.249,4.2356,103.419,Joan,Torres,jtorresoq@toplist.cz
2015-01-18 20:43:31,21.213.128.179,47.64611,42.10194,Robert,Butler,rbutleror@google.com.hk
2015-01-28 04:08:58,145.87.66.177,53.8329,23.6598,Jack,Knight,jknightos@t.co
2015-01-04 13:57:35,220.8.160.200,51.38941,22.18637,Doris,Rogers,drogersot@admin.ch
2015-01-12 12:48:44,202.233.228.65,34.67719,73.02329,Harold,Perez,hperezou@elegantthemes.com
2015-01-03 00:51:46,124.152.143.26,4.81333,-75.69611,Jacqueline,Fields,jfieldsov@paginegialle.it
2015-01-10 09:38:23,4.88.82.112,41.4,23.21667,Samuel,Gonzalez,sgonzalezow@newsvine.com
2015-01-29 07:41:18,110.33.103.50,23.41382,114.93293,Emily,Watson,ewatsonox@chronoengine.com
2015-01-09 18:58:59,17.40.103.143,46.39593,-63.78762,Douglas,Stephens,dstephensoy@amazon.co.uk
2015-01-17 22:08:26,78.44.48.63,-45.57524,-72.06619,Brenda,Arnold,barnoldoz@opensource.org
2015-01-12 05:39:21,67.156.136.160,40.8322,44.2673,Norma,Hayes,nhayesp0@unc.edu
2015-01-28 20:29:50,190.244.207.187,29.31312,107.41845,Roy,Coleman,rcolemanp1@vkontakte.ru
2015-01-22 20:25:13,25.119.146.106,45.1833,0.7167,Kevin,Reed,kreedp2@un.org
2015-01-19 02:54:23,94.139.53.26,39.0521,117.24705,Andrew,Ferguson,afergusonp3@sina.com.cn
2015-01-26 15:09:53,119.83.65.34,51.1942,5.9875,Elizabeth,Ruiz,eruizp4@ted.com
2015-01-26 15:16:26,233.94.16.222,29.77761,118.70155,Mildred,Harper,mharperp5@ed.gov
2015-01-28 16:02:55,56.9.208.213,27.4268,116.58933,Rebecca,Willis,rwillisp6@bandcamp.com
2015-01-07 22:33:33,57.53.66.21,37.59361,22.04417,Aaron,Riley,arileyp7@free.fr
2015-01-29 09:23:55,82.202.9.150,31.67382,113.87032,Evelyn,Campbell,ecampbellp8@addthis.com
2015-01-21 10:58:40,76.157.192.31,48.7685,2.4187,Benjamin,Castillo,bcastillop9@youtube.com
2015-01-07 12:13:31,223.151.120.75,46.4417,39.675,Gerald,Coleman,gcolemanpa@cnbc.com
2015-01-16 04:37:38,100.232.218.44,34.13744,103.16894,Joyce,Bowman,jbowmanpb@mapquest.com
2015-01-16 16:13:42,250.74.99.125,-29.40111,-51.945,Frances,Harvey,fharveypc@nydailynews.com
2015-01-06 00:37:57,100.238.252.116,-8.4129,117.1332,Billy,Carter,bcarterpd@ft.com
2015-01-22 10:58:15,126.13.4.146,-12.23861,-75.74528,Raymond,Fernandez,rfernandezpe@fema.gov
2015-01-27 12:39:45,164.201.167.95,17.0187,8.0168,Timothy,Hughes,thughespf@google.ru
2015-01-22 07:14:16,170.93.78.103,18.44111,1.40778,Elizabeth,Little,elittlepg@bloglovin.com
2015-01-10 06:58:00,19.228.178.45,57.7167,13.0833,Virginia,Cruz,vcruzph@ebay.co.uk
2015-01-28 08:37:12,244.204.51.232,45.98333,126.6,Susan,Ward,swardpi@issuu.com
2015-01-24 01:29:20,230.210.227.123,-1.28333,36.85,Brandon,Carpenter,bcarpenterpj@sakura.ne.jp
2015-01-20 22:24:35,192.116.177.169,31.55171,108.67039,Robin,Webb,rwebbpk@washingtonpost.com
2015-01-05 18:19:46,78.244.245.94,13.1029,123.6999,Elizabeth,Sanders,esanderspl@reuters.com
2015-01-28 04:10:55,241.8.126.247,25.79361,110.00917,Laura,Lopez,llopezpm@fastcompany.com
2015-01-28 18:43:40,64.163.193.90,49.4431,1.0993,Ann,Holmes,aholmespn@telegraph.co.uk
2015-01-03 18:52:15,239.75.207.178,64.25,23.95,Jane,Hall,jhallpo@europa.eu
2015-01-12 05:46:39,47.225.4.57,-16.46667,-71.5,Rachel,Stone,rstonepp@uol.com.br
2015-01-13 19:21:38,235.146.237.230,34.48108,62.5863,Heather,Johnson,hjohnsonpq@seesaa.net
2015-01-17 16:56:12,225.176.114.190,32.83333,129.85,Phillip,Rivera,priverapr@imgur.com
2015-01-07 12:59:06,57.158.205.129,40.72861,124.78472,Anna,Watson,awatsonps@blogger.com
2015-01-04 08:06:54,103.134.158.2,37.51769,121.30867,Pamela,Chapman,pchapmanpt@unblog.fr
2015-01-16 20:30:54,45.169.131.112,-8.2779,112.7275,Ruby,Bell,rbellpu@irs.gov
2015-01-13 18:46:40,83.214.145.7,-39.6381,176.84918,Martha,Howell,mhowellpv@eepurl.com
2015-01-08 21:40:04,207.87.101.94,14.03728,100.40486,Bonnie,Jordan,bjordanpw@lulu.com
2015-01-09 08:33:07,228.248.196.68,5.507,153.8205,Jacqueline,Hill,jhillpx@newyorker.com
2015-01-23 01:12:18,116.90.4.25,-6.9961,111.7748,Joan,Miller,jmillerpy@phpbb.com
2015-01-21 11:43:49,184.43.236.175,49.56263,15.93924,Jessica,Alvarez,jalvarezpz@360.cn
2015-01-13 20:36:11,195.18.79.99,45.21583,20.21222,Helen,Gibson,hgibsonq0@usgs.gov
2015-01-05 23:48:43,214.65.189.96,49.97971,22.28645,Jesse,Hudson,jhudsonq1@angelfire.com
2015-01-05 18:26:33,172.159.116.42,29.05762,105.89209,Nicole,Medina,nmedinaq2@phpbb.com
2015-01-08 08:41:46,195.5.26.79,53.01942,39.16639,Ryan,Chapman,rchapmanq3@google.co.uk
2015-01-07 00:29:12,243.235.18.140,33.1903,-97.1282,Russell,Warren,rwarrenq4@w3.org
2015-01-11 16:53:54,186.129.221.241,12.28345,-85.51081,Steven,Parker,sparkerq5@eepurl.com
2015-01-26 01:19:07,238.223.249.224,19.32512,-70.70357,Martin,Allen,mallenq6@unicef.org
2015-01-13 17:42:17,145.38.107.238,41.6022,-8.3303,Steven,Cole,scoleq7@devhub.com
2015-01-10 18:58:42,107.94.37.176,28.73632,109.12367,Peter,Hanson,phansonq8@answers.com
2015-01-09 14:01:30,68.92.231.143,40.52805,95.76586,Pamela,Harvey,pharveyq9@wikipedia.org
2015-01-06 14:36:05,250.45.54.140,50.6857,2.8821,Marilyn,Sanchez,msanchezqa@facebook.com
2015-01-22 00:19:16,66.28.217.136,-3.6375,-80.59167,Philip,Lane,planeqb@whitehouse.gov
2015-01-21 01:47:16,154.96.47.214,41.6316,46.64479,Barbara,Ferguson,bfergusonqc@fastcompany.com
2015-01-04 09:47:28,234.238.150.237,31.78199,35.21961,Roy,Marshall,rmarshallqd@miitbeian.gov.cn
2015-01-25 19:37:09,231.21.50.215,12.17864,-0.35103,Johnny,Martinez,jmartinezqe@trellian.com
2015-01-12 07:27:03,143.135.179.131,41.65532,125.74225,Karen,Day,kdayqf@youku.com
2015-01-04 05:40:48,240.191.104.164,49.74611,6.36361,Eugene,Jones,ejonesqg@a8.net
2015-01-04 00:18:29,253.93.153.183,9.7332,105.27394,Joseph,Graham,jgrahamqh@vkontakte.ru
2015-01-05 14:24:00,201.193.97.46,-7.42139,109.23444,Michelle,Lawrence,mlawrenceqi@miibeian.gov.cn
2015-01-10 00:24:02,108.175.204.183,47.23135,39.72328,Kathryn,Elliott,kelliottqj@hibu.com
2015-01-06 14:38:39,247.82.228.210,-40.73193,-64.94769,Catherine,Rodriguez,crodriguezqk@so-net.ne.jp
2015-01-25 03:35:26,103.139.156.126,16.06145,44.81012,Bruce,Peterson,bpetersonql@ezinearticles.com
2015-01-10 06:17:33,211.214.169.7,50.12139,100.04306,Sara,Patterson,spattersonqm@artisteer.com
2015-01-08 18:35:01,184.236.90.181,20.57079,110.41083,Brenda,Hunter,bhunterqn@acquirethisname.com
2015-01-29 04:26:57,220.156.198.116,-3.78514,103.54279,Rebecca,Palmer,rpalmerqo@cdc.gov
2015-01-02 11:55:04,239.198.242.126,-23.45,-56.58333,Rebecca,Gonzalez,rgonzalezqp@jimdo.com
2015-01-06 20:31:59,241.44.217.93,32.55906,106.01167,Douglas,Romero,dromeroqq@cocolog-nifty.com
2015-01-08 03:00:25,242.196.1.95,15.85053,100.07914,Anna,Willis,awillisqr@go.com
2015-01-04 22:53:50,61.209.237.210,48.7649,9.1762,Joan,Reed,jreedqs@globo.com
2015-01-28 05:05:51,190.156.132.106,-34.03627,23.04713,Jesse,Turner,jturnerqt@studiopress.com
2015-01-29 17:46:08,133.201.49.53,20.69229,101.98368,Dennis,Carroll,dcarrollqu@dedecms.com
2015-01-06 07:22:42,227.47.224.223,56.1525,48.32583,Donna,Cruz,dcruzqv@kickstarter.com
2015-01-17 01:02:58,48.106.219.205,-20.14583,57.67667,Heather,Mason,hmasonqw@geocities.jp
2015-01-06 03:06:51,235.138.120.54,39.55556,113.36111,Jimmy,Arnold,jarnoldqx@jalbum.net
2015-01-28 15:54:13,181.253.198.232,49.61455,20.02885,Juan,Rice,jriceqy@eventbrite.com
2015-01-03 13:33:45,194.107.179.101,54.59405,17.85931,Justin,Garrett,jgarrettqz@wix.com
2015-01-28 00:20:18,158.150.203.2,-33.01167,17.9442,Harold,Henry,hhenryr0@opera.com
2015-01-07 22:05:32,247.49.71.181,27.37889,109.27778,Edward,Sanchez,esanchezr1@netvibes.com
2015-01-22 09:15:00,239.116.24.3,-7.4024,112.7692,Joe,Lee,jleer2@list-manage.com
2015-01-15 23:55:58,37.142.251.99,22.67825,113.23134,Catherine,Hanson,chansonr3@simplemachines.org
2015-01-03 15:46:09,109.35.139.213,1.25474,124.77945,Edward,Austin,eaustinr4@alibaba.com
2015-01-05 00:50:56,175.146.253.137,5.78556,-6.60833,Evelyn,Lopez,elopezr5@1688.com
2015-01-05 18:54:33,108.100.153.141,-7.1763,108.3429,Catherine,Kennedy,ckennedyr6@psu.edu
2015-01-13 12:47:54,165.47.222.114,-8.3652,114.6433,Randy,Morgan,rmorganr7@rakuten.co.jp
2015-01-01 12:50:40,169.141.247.159,45.88338,-73.28245,Chris,Morgan,cmorganr8@cisco.com
2015-01-04 21:02:37,121.105.166.109,33.35113,105.14872,Marie,Phillips,mphillipsr9@spotify.com
2015-01-07 01:17:37,87.127.221.176,29.19944,121.47472,Willie,Fields,wfieldsra@discuz.net
2015-01-04 04:42:50,226.240.68.44,15.4183,104.92363,Dorothy,Berry,dberryrb@patch.com
2015-01-01 06:29:26,144.27.34.249,58.84861,26.93972,Richard,Gardner,rgardnerrc@webnode.com
2015-01-14 01:08:26,129.224.12.144,15.35566,120.84001,Sara,Young,syoungrd@geocities.com
2015-01-10 20:44:51,220.173.134.206,-7.1053,108.3946,Janice,Fuller,jfullerre@mapquest.com
2015-01-24 23:17:02,185.77.86.86,-7.0208,108.3807,Jerry,Lopez,jlopezrf@epa.gov
2015-01-02 15:39:26,78.44.125.249,44.7718,34.59516,Joyce,Wallace,jwallacerg@seattletimes.com
2015-01-16 16:26:25,203.245.71.57,50.5835,15.41248,Kevin,Butler,kbutlerrh@fotki.com
2015-01-13 15:01:03,93.1.177.19,46.2207,130.525,Fred,Welch,fwelchri@smugmug.com
2015-01-26 06:33:50,45.153.254.42,14.63333,-87.91667,Helen,Morales,hmoralesrj@tripadvisor.com
2015-01-07 12:46:31,151.100.224.6,-4.2137,120.0096,Margaret,Ruiz,mruizrk@chron.com
2015-01-23 14:35:59,73.167.220.62,-7.0807,108.0663,Aaron,Lee,aleerl@earthlink.net
2015-01-04 23:09:22,38.98.180.35,48.8817,2.3822,Christopher,Ramos,cramosrm@networksolutions.com
2015-01-07 08:02:10,94.190.210.111,-19.30722,-48.92417,Charles,Hayes,chayesrn@icq.com
2015-01-10 09:57:11,240.62.114.171,-25.24373,28.1262,Daniel,Allen,dallenro@walmart.com
2015-01-01 18:47:58,173.160.138.177,-7.6764,108.6324,Irene,Murray,imurrayrp@desdev.cn
2015-01-20 01:08:47,204.110.99.31,32.7673,-96.7776,Roger,Grant,rgrantrq@wikia.com
2015-01-14 18:45:13,225.246.170.166,49.89134,36.02096,Sean,Reyes,sreyesrr@sbwire.com
